Symbol,Name,Last Sale,Net Change,% Change,Market Cap,Country,IPO Year,Volume,Sector,Industry
LLY,Eli Lilly and Company Common Stock,$1077.75,0.77,0.071%,1018887,United States,,1010327,Health Care,Biotechnology: Pharmaceutical Preparations
JNJ,Johnson & Johnson Common Stock,$207.63,-0.15,-0.072%,500241,United States,,2316353,Health Care,Biotechnology: Pharmaceutical Preparations
ABBV,AbbVie Inc. Common Stock,$229.98,0.09,0.039%,406463,United States,2012.0,1593952,Health Care,Biotechnology: Pharmaceutical Preparations
MRK,Merck & Company Inc. Common Stock (new),$106.78,0.33,0.31%,265030,United States,,6280359,Health Care,Biotechnology: Pharmaceutical Preparations
ABT,Abbott Laboratories Common Stock,$124.84,0.03,0.024%,217080,United States,,2120703,Health Care,Biotechnology: Pharmaceutical Preparations
AMGN,Amgen Inc. Common Stock,$332.93,-1.03,-0.308%,179276,United States,1983.0,792511,Health Care,Biotechnology: Biological Products (No Diagnostic Substances)
GILD,Gilead Sciences Inc. Common Stock,$124.70,-0.97,-0.772%,154712,United States,1992.0,2073741,Health Care,Biotechnology: Biological Products (No Diagnostic Substances)
PFE,Pfizer Inc. Common Stock,$25.09,0.06,0.24%,142654,United States,,21605210,Health Care,Biotechnology: Pharmaceutical Preparations
VRTX,Vertex Pharmaceuticals Incorporated Common Stock,$462.90,-0.09,-0.019%,117446,United States,1991.0,388086,Health Care,Biotechnology: Pharmaceutical Preparations
BMY,Bristol-Myers Squibb Company Common Stock,$54.64,-0.07,-0.128%,111233,United States,,8140510,Health Care,Biotechnology: Pharmaceutical Preparations
REGN,Regeneron Pharmaceuticals Inc. Common Stock,$784.97,1.26,0.161%,82499,United States,1991.0,321041,Health Care,Biotechnology: Pharmaceutical Preparations
ZTS,Zoetis Inc. Class A Common Stock,$126.23,0.74,0.59%,55628,United States,2013.0,3226787,Health Care,Biotechnology: Pharmaceutical Preparations
IDXX,IDEXX Laboratories Inc. Common Stock,$688.48,0.3,0.044%,54976,United States,1991.0,206701,Health Care,Biotechnology: In Vitro & In Vivo Diagnostic Substances
ALNY,Alnylam Pharmaceuticals Inc. Common Stock,$400.59,-0.1,-0.025%,52923,United States,2004.0,401455,Health Care,Biotechnology: Pharmaceutical Preparations
INSM,Insmed Incorporated Common Stock,$177.88,0.46,0.259%,37937,United States,,1035797,Health Care,Biotechnology: Pharmaceutical Preparations
BIIB,Biogen Inc. Common Stock,$177.08,0.75,0.425%,25978,United States,,687403,Health Care,Biotechnology: Biological Products (No Diagnostic Substances)
RPRX,Royalty Pharma plc Class A Ordinary Shares ,$39.22,-0.03,-0.076%,22639,United States,2020.0,1358687,Health Care,Biotechnology: Pharmaceutical Preparations
UTHR,United Therapeutics Corporation Common Stock,$507.16,-7.48,-1.453%,21836,United States,1999.0,185784,Health Care,Biotechnology: Pharmaceutical Preparations
RVMD,Revolution Medicines Inc. Common Stock,$80.75,-0.44,-0.542%,15610,United States,2020.0,1113759,Health Care,Biotechnology: Biological Products (No Diagnostic Substances)
BBIO,BridgeBio Pharma Inc. Common Stock,$75.80,-0.73,-0.954%,14607,United States,2019.0,1085062,Health Care,Biotechnology: Pharmaceutical Preparations
NBIX,Neurocrine Biosciences Inc. Common Stock,$145.26,-1.67,-1.137%,14483,United States,1996.0,693794,Health Care,Biotechnology: Biological Products (No Diagnostic Substances)
VTRS,Viatris Inc. Common Stock,$12.32,0.08,0.654%,14189,United States,,4137936,Health Care,Biotechnology: Pharmaceutical Preparations
MDGL,Madrigal Pharmaceuticals Inc. Common Stock,$598.91,-3.91,-0.649%,13602,United States,2007.0,97809,Health Care,Biotechnology: Pharmaceutical Preparations
SMMT,Summit Therapeutics Inc. Common Stock ,$18.14,-0.24,-1.306%,13504,United States,2015.0,1197395,Health Care,Biotechnology: Pharmaceutical Preparations
IONS,Ionis Pharmaceuticals Inc. Common Stock,$79.93,-0.72,-0.893%,12946,United States,,725279,Health Care,Biotechnology: Pharmaceutical Preparations
EXEL,Exelixis Inc. Common Stock,$46.24,-0.27,-0.581%,12397,United States,2000.0,1537771,Health Care,Biotechnology: Biological Products (No Diagnostic Substances)
MRNA,Moderna Inc. Common Stock,$31.20,-1.55,-4.733%,12189,United States,2018.0,6306878,Health Care,Biotechnology: Biological Products (No Diagnostic Substances)
BMRN,BioMarin Pharmaceutical Inc. Common Stock,$59.95,-0.21,-0.349%,11517,United States,1999.0,1181174,Health Care,Biotechnology: Pharmaceutical Preparations
ELAN,Elanco Animal Health Incorporated Common Stock,$22.60,0.22,0.983%,11229,United States,2018.0,2551478,Health Care,Biotechnology: Pharmaceutical Preparations
RNA,Avidity Biosciences Inc. Common Stock,$72.13,-0.05,-0.069%,10868,United States,2020.0,687395,Health Care,Biotechnology: Pharmaceutical Preparations
ARWR,Arrowhead Pharmaceuticals Inc. Common Stock,$70.16,0.05,0.071%,10030,United States,,807407,Health Care,Biotechnology: Pharmaceutical Preparations
RGEN,Repligen Corporation Common Stock,$166.21,0.55,0.332%,9356,United States,1986.0,250977,Health Care,Biotechnology: Biological Products (No Diagnostic Substances)
TECH,Bio-Techne Corp Common Stock,$59.22,0.03,0.051%,9227,United States,,584893,Health Care,Biotechnology: Biological Products (No Diagnostic Substances)
CORT,Corcept Therapeutics Incorporated Common Stock,$82.65,-0.94,-1.125%,8693,United States,2004.0,342902,Health Care,Biotechnology: Pharmaceutical Preparations
HALO,Halozyme Therapeutics Inc. Common Stock,$68.87,0.46,0.672%,8098,United States,,614942,Health Care,Biotechnology: Biological Products (No Diagnostic Substances)
CYTK,Cytokinetics Incorporated Common Stock,$63.11,-1.07,-1.667%,7716,United States,2004.0,1382333,Health Care,Biotechnology: Pharmaceutical Preparations
AXSM,Axsome Therapeutics Inc. Common Stock,$152.05,-1.59,-1.035%,7665,United States,2015.0,463171,Health Care,Biotechnology: Pharmaceutical Preparations
NUVL,Nuvalent Inc. Class A Common Stock,$104.095,-1.665,-1.574%,7568,United States,2021.0,205560,Health Care,Biotechnology: Pharmaceutical Preparations
RYTM,Rhythm Pharmaceuticals Inc. Common Stock,$110.00,-2.27,-2.022%,7340,United States,2017.0,459858,Health Care,Biotechnology: Pharmaceutical Preparations
KRYS,Krystal Biotech Inc. Common Stock,$252.17,0.88,0.35%,7312,United States,2017.0,151250,Health Care,Biotechnology: Biological Products (No Diagnostic Substances)
CDTX,Cidara Therapeutics Inc. Common Stock,$220.80,-0.06,-0.027%,6941,United States,2015.0,426432,Health Care,Biotechnology: Biological Products (No Diagnostic Substances)
PRAX,Praxis Precision Medicines Inc. Common Stock,$268.95,-5.81,-2.115%,6725,United States,2020.0,251489,Health Care,Biotechnology: Pharmaceutical Preparations
KYMR,Kymera Therapeutics Inc. Common Stock,$81.32,-1.81,-2.177%,6403,United States,2020.0,418607,Health Care,Biotechnology: Biological Products (No Diagnostic Substances)
PTCT,PTC Therapeutics Inc. Common Stock,$78.56,0.19,0.242%,6307,United States,2013.0,525598,Health Care,Biotechnology: Pharmaceutical Preparations
PCVX,Vaxcyte Inc. Common Stock,$46.97,-0.68,-1.427%,6148,United States,2020.0,545330,Health Care,Biotechnology: Pharmaceutical Preparations
BLTE,Belite Bio Inc American Depositary Shares,$154.93,-0.07,-0.045%,5812,United States,2022.0,72011,Health Care,Biotechnology: Pharmaceutical Preparations
PTGX,Protagonist Therapeutics Inc. Common Stock,$88.78,-0.06,-0.068%,5550,United States,2016.0,390105,Health Care,Biotechnology: Pharmaceutical Preparations
COGT,Cogent Biosciences Inc. Common Stock,$38.88,-0.85,-2.139%,5535,United States,2018.0,1099010,Health Care,Biotechnology: Pharmaceutical Preparations
IMVT,Immunovant Inc. Common Stock,$26.16,-0.72,-2.679%,5302,United States,2019.0,1077864,Health Care,Biotechnology: Biological Products (No Diagnostic Substances)
APGE,Apogee Therapeutics Inc. Common Stock,$77.32,-0.77,-0.986%,5282,United States,2023.0,554715,Health Care,Biotechnology: Biological Products (No Diagnostic Substances)
TGTX,TG Therapeutics Inc. Common Stock,$30.77,-0.3,-0.966%,4885,United States,,795380,Health Care,Biotechnology: Pharmaceutical Preparations
GPCR,Structure Therapeutics Inc. American Depositary Shares,$68.34,-1.35,-1.937%,4724,United States,2023.0,467037,Health Care,Biotechnology: Pharmaceutical Preparations
ACAD,ACADIA Pharmaceuticals Inc. Common Stock,$27.62,-0.25,-0.897%,4672,United States,1985.0,626446,Health Care,Biotechnology: Pharmaceutical Preparations
SRRK,Scholar Rock Holding Corporation Common Stock,$45.67,-0.19,-0.414%,4658,United States,2018.0,512582,Health Care,Biotechnology: Biological Products (No Diagnostic Substances)
ADMA,ADMA Biologics Inc Common Stock,$19.28,-0.26,-1.331%,4588,United States,,1116052,Health Care,Biotechnology: Biological Products (No Diagnostic Substances)
CRNX,Crinetics Pharmaceuticals Inc. Common Stock,$47.96,-0.75,-1.54%,4551,United States,2018.0,416850,Health Care,Biotechnology: Pharmaceutical Preparations
LNTH,Lantheus Holdings Inc. Common Stock,$66.71,0.03,0.045%,4423,United States,2015.0,343427,Health Care,Biotechnology: In Vitro & In Vivo Diagnostic Substances
FOLD,Amicus Therapeutics Inc. Common Stock,$14.25,0.0,0.00%,4396,United States,2007.0,5181147,Health Care,Biotechnology: Pharmaceutical Preparations
TERN,Terns Pharmaceuticals Inc. Common Stock,$41.52,-0.86,-2.029%,4308,United States,2021.0,974088,Health Care,Biotechnology: Pharmaceutical Preparations
VKTX,Viking Therapeutics Inc. Common Stock,$37.18,-0.17,-0.455%,4202,United States,2015.0,1631867,Health Care,Biotechnology: Pharmaceutical Preparations
LEGN,Legend Biotech Corporation American Depositary Shares,$22.53,-0.45,-1.958%,4137,United States,2020.0,887354,Health Care,Biotechnology: Pharmaceutical Preparations
MIRM,Mirum Pharmaceuticals Inc. Common Stock,$79.26,-1.49,-1.845%,4073,United States,2019.0,318532,Health Care,Biotechnology: Pharmaceutical Preparations
AMRX,Amneal Pharmaceuticals Inc. Class A Common Stock,$12.95,0.08,0.622%,4070,United States,,974906,Health Care,Biotechnology: Pharmaceutical Preparations
LGND,Ligand Pharmaceuticals Incorporated Common Stock,$195.83,-1.31,-0.665%,3854,United States,,98204,Health Care,Biotechnology: Pharmaceutical Preparations
ACLX,Arcellx Inc. Common Stock,$65.71,-0.29,-0.439%,3799,United States,2022.0,436063,Health Care,Biotechnology: Biological Products (No Diagnostic Substances)
VERA,Vera Therapeutics Inc. Class A Common Stock,$53.58,-2.09,-3.754%,3752,United States,2021.0,721121,Health Care,Biotechnology: Pharmaceutical Preparations
ARQT,Arcutis Biotherapeutics Inc. Common Stock,$28.97,-0.48,-1.63%,3548,United States,2020.0,1312734,Health Care,Biotechnology: Pharmaceutical Preparations
TVTX,Travere Therapeutics Inc. Common Stock,$39.64,-0.64,-1.589%,3546,United States,,1807094,Health Care,Biotechnology: Pharmaceutical Preparations
TARS,Tarsus Pharmaceuticals Inc. Common Stock,$81.78,-0.73,-0.885%,3471,United States,2020.0,467996,Health Care,Biotechnology: Biological Products (No Diagnostic Substances)
RARE,Ultragenyx Pharmaceutical Inc. Common Stock,$34.19,-0.39,-1.128%,3298,United States,2014.0,629157,Health Care,Biotechnology: Pharmaceutical Preparations
DYN,Dyne Therapeutics Inc. Common Stock,$20.04,-0.31,-1.523%,3238,United States,2020.0,964713,Health Care,Biotechnology: Pharmaceutical Preparations
NUVB,Nuvation Bio Inc. Class A Common Stock,$9.40,-0.12,-1.261%,3222,United States,2020.0,3602009,Health Care,Biotechnology: Pharmaceutical Preparations
CGON,CG Oncology Inc. Common stock,$39.84,-0.3,-0.747%,3213,United States,2024.0,561990,Health Care,Biotechnology: Biological Products (No Diagnostic Substances)
KNSA,Kiniksa Pharmaceuticals International plc Class A Ordinary Shares,$42.00,-0.49,-1.153%,3183,United States,2018.0,199919,Health Care,Biotechnology: Pharmaceutical Preparations
APLS,Apellis Pharmaceuticals Inc. Common Stock,$24.97,-0.19,-0.755%,3159,United States,2017.0,786632,Health Care,Biotechnology: Pharmaceutical Preparations
IDYA,IDEAYA Biosciences Inc. Common Stock,$35.20,-0.48,-1.345%,3085,United States,2019.0,449452,Health Care,Biotechnology: Pharmaceutical Preparations
IRON,Disc Medicine Inc. Common Stock,$80.33,-0.1,-0.124%,3032,United States,,218065,Health Care,Biotechnology: Pharmaceutical Preparations
PBH,Prestige Consumer Healthcare Inc. Common Stock,$62.83,0.41,0.657%,3021,United States,2005.0,326987,Health Care,Biotechnology: Pharmaceutical Preparations
LQDA,Liquidia Corporation Common Stock,$34.41,-1.38,-3.856%,2993,United States,2018.0,673777,Health Care,Biotechnology: Pharmaceutical Preparations
CPRX,Catalyst Pharmaceuticals Inc. Common Stock,$24.35,-0.1,-0.409%,2992,United States,2006.0,717978,Health Care,Biotechnology: Pharmaceutical Preparations
SUPN,Supernus Pharmaceuticals Inc. Common Stock,$51.57,-0.2,-0.386%,2956,United States,2012.0,366371,Health Care,Biotechnology: Pharmaceutical Preparations
MLYS,Mineralys Therapeutics Inc. Common Stock,$37.14,-0.29,-0.775%,2939,United States,2023.0,801740,Health Care,Biotechnology: Pharmaceutical Preparations
BEAM,Beam Therapeutics Inc. Common Stock,$27.98,-0.16,-0.569%,2839,United States,2020.0,1006370,Health Care,Biotechnology: Biological Products (No Diagnostic Substances)
EWTX,Edgewise Therapeutics Inc. Common Stock,$26.35,-0.94,-3.444%,2789,United States,2021.0,2412823,Health Care,Biotechnology: Pharmaceutical Preparations
OCUL,Ocular Therapeutix Inc. Common Stock,$12.56,-0.15,-1.18%,2675,United States,2014.0,1151130,Health Care,Biotechnology: Pharmaceutical Preparations
DNLI,Denali Therapeutics Inc. Common Stock,$16.87,-0.12,-0.706%,2627,United States,2017.0,677994,Health Care,Biotechnology: Biological Products (No Diagnostic Substances)
SYRE,Spyre Therapeutics Inc. Common Stock,$32.94,-0.11,-0.333%,2555,United States,2016.0,307908,Health Care,Biotechnology: Pharmaceutical Preparations
ADPT,Adaptive Biotechnologies Corporation Common Stock,$16.70,0.02,0.12%,2549,United States,2019.0,909652,Health Care,Biotechnology: Biological Products (No Diagnostic Substances)
RCUS,Arcus Biosciences Inc. Common Stock,$23.09,-0.03,-0.13%,2493,United States,2018.0,694857,Health Care,Biotechnology: Pharmaceutical Preparations
IMNM,Immunome Inc. Common Stock,$21.71,-0.62,-2.777%,2395,United States,2020.0,1037790,Health Care,Biotechnology: Pharmaceutical Preparations
SRPT,Sarepta Therapeutics Inc. Common Stock (DE),$22.12,-0.2,-0.896%,2317,United States,,1392548,Health Care,Biotechnology: Pharmaceutical Preparations
ZBIO,Zenas BioPharma Inc. Common Stock,$42.49,-0.68,-1.575%,2280,United States,2024.0,134333,Health Care,Biotechnology: Pharmaceutical Preparations
RXRX,Recursion Pharmaceuticals Inc. Class A Common Stock,$4.25,-0.15,-3.409%,2209,United States,2021.0,15847697,Health Care,Biotechnology: Biological Products (No Diagnostic Substances)
HRMY,Harmony Biosciences Holdings Inc. Common Stock,$38.13,-0.36,-0.935%,2196,United States,2020.0,329973,Health Care,Biotechnology: Pharmaceutical Preparations
IBRX,ImmunityBio Inc. Common Stock,$2.14,0.0,0.00%,2107,United States,2015.0,7214723,Health Care,Biotechnology: Biological Products (No Diagnostic Substances)
MAZE,Maze Therapeutics Inc. Common Stock,$42.10,0.02,0.048%,2025,United States,2025.0,212857,Health Care,Biotechnology: Biological Products (No Diagnostic Substances)
TWST,Twist Bioscience Corporation Common Stock,$33.05,-0.53,-1.578%,2020,United States,2018.0,680978,Health Care,Biotechnology: Biological Products (No Diagnostic Substances)
ZYME,Zymeworks Inc. Common Stock,$26.87,0.01,0.037%,2010,United States,,241331,Health Care,Biotechnology: Pharmaceutical Preparations
QDEL,QuidelOrtho Corporation Common Stock,$29.30,0.39,1.349%,1990,United States,,481689,Health Care,Biotechnology: In Vitro & In Vivo Diagnostic Substances
OLMA,Olema Pharmaceuticals Inc. Common Stock,$26.23,-1.22,-4.444%,1971,United States,2020.0,785486,Health Care,Biotechnology: Pharmaceutical Preparations
SION,Sionna Therapeutics Inc. Common Stock,$43.70,-0.325,-0.738%,1950,United States,2025.0,166262,Health Care,Biotechnology: Pharmaceutical Preparations
VCEL,Vericel Corporation Common Stock,$37.66,0.1,0.266%,1904,United States,,537208,Health Care,Biotechnology: Biological Products (No Diagnostic Substances)
PRGO,Perrigo Company plc Ordinary Shares,$13.82,0.07,0.509%,1901,United States,,1728475,Health Care,Biotechnology: Pharmaceutical Preparations
OGN,Organon & Co. Common Stock ,$7.18,0.09,1.269%,1866,United States,2021.0,2611619,Health Care,Biotechnology: Pharmaceutical Preparations
HROW,Harrow Inc. Common Stock,$50.09,-0.07,-0.14%,1855,United States,,443525,Health Care,Biotechnology: Pharmaceutical Preparations
SNDX,Syndax Pharmaceuticals Inc. Common Stock,$21.30,-0.3,-1.389%,1851,United States,2016.0,906159,Health Care,Biotechnology: Pharmaceutical Preparations
ANIP,ANI Pharmaceuticals Inc.,$82.41,0.23,0.28%,1850,United States,,225705,Health Care,Biotechnology: Pharmaceutical Preparations
STOK,Stoke Therapeutics Inc. Common Stock,$31.92,-0.25,-0.777%,1823,United States,2019.0,404386,Health Care,Biotechnology: Pharmaceutical Preparations
DVAX,Dynavax Technologies Corporation Common Stock,$15.38,0.0,0.00%,1805,United States,2004.0,6095599,Health Care,Biotechnology: Pharmaceutical Preparations
DNTH,Dianthus Therapeutics Inc. Common Stock,$41.83,-1.32,-3.059%,1793,United States,2018.0,319203,Health Care,Biotechnology: Pharmaceutical Preparations
KOD,Kodiak Sciences Inc Common Stock,$29.89,-1.19,-3.829%,1792,United States,2018.0,964865,Health Care,Biotechnology: Biological Products (No Diagnostic Substances)
MNKD,MannKind Corporation Common Stock,$5.79,-0.14,-2.361%,1777,United States,2004.0,2430915,Health Care,Biotechnology: Pharmaceutical Preparations
CLDX,Celldex Therapeutics Inc.,$26.40,-0.43,-1.603%,1754,United States,,356294,Health Care,Biotechnology: In Vitro & In Vivo Diagnostic Substances
TRVI,Trevi Therapeutics Inc. Common Stock,$12.85,-0.12,-0.925%,1647,United States,2019.0,1198984,Health Care,Biotechnology: Pharmaceutical Preparations
AGIO,Agios Pharmaceuticals Inc. Common Stock,$28.02,-1.15,-3.942%,1633,United States,2013.0,1701999,Health Care,Biotechnology: Pharmaceutical Preparations
BCRX,BioCryst Pharmaceuticals Inc. Common Stock,$7.63,-0.07,-0.909%,1607,United States,1994.0,1625721,Health Care,Biotechnology: Biological Products (No Diagnostic Substances)
TSHA,Taysha Gene Therapies Inc. Common Stock,$5.83,-0.08,-1.354%,1596,United States,2020.0,1144883,Health Care,Biotechnology: Biological Products (No Diagnostic Substances)
UPB,Upstream Bio Inc. Common Stock,$29.48,-0.79,-2.61%,1593,United States,2024.0,228013,Health Care,Biotechnology: Pharmaceutical Preparations
COLL,Collegium Pharmaceutical Inc. Common Stock,$49.84,0.26,0.524%,1575,United States,2015.0,453698,Health Care,Biotechnology: Pharmaceutical Preparations
NEOG,Neogen Corporation Common Stock,$7.13,-0.01,-0.14%,1549,United States,1989.0,1791952,Health Care,Biotechnology: In Vitro & In Vivo Diagnostic Substances
PAHC,Phibro Animal Health Corporation Class A Common Stock,$38.17,0.43,1.139%,1547,United States,2014.0,155588,Health Care,Biotechnology: Pharmaceutical Preparations
CAPR,Capricor Therapeutics Inc. Common Stock,$29.69,0.01,0.034%,1535,United States,,910105,Health Care,Biotechnology: Pharmaceutical Preparations
ORKA,Oruka Therapeutics Inc. Common Stock,$31.70,-0.42,-1.308%,1534,United States,,393941,Health Care,Biotechnology: In Vitro & In Vivo Diagnostic Substances
NRIX,Nurix Therapeutics Inc. Common stock,$19.30,-0.06,-0.31%,1483,United States,2020.0,794348,Health Care,Biotechnology: Pharmaceutical Preparations
RLAY,Relay Therapeutics Inc. Common Stock,$8.56,-0.09,-1.04%,1483,United States,2020.0,1122518,Health Care,Biotechnology: Biological Products (No Diagnostic Substances)
INVA,Innoviva Inc. Common Stock,$19.80,0.03,0.152%,1480,United States,2004.0,375281,Health Care,Biotechnology: Pharmaceutical Preparations
PGEN,Precigen Inc. Common Stock,$4.16,-0.03,-0.716%,1471,United States,,2816841,Health Care,Biotechnology: Pharmaceutical Preparations
RAPP,Rapport Therapeutics Inc. Common Stock,$30.20,-0.73,-2.36%,1439,United States,2024.0,221850,Health Care,Biotechnology: Pharmaceutical Preparations
ARDX,Ardelyx Inc. Common Stock,$5.74,-0.25,-4.174%,1394,United States,2014.0,2045750,Health Care,Biotechnology: Pharmaceutical Preparations
MBX,MBX Biosciences Inc. Common Stock,$30.90,-1.21,-3.768%,1387,United States,2024.0,429583,Health Care,Biotechnology: Pharmaceutical Preparations
ANAB,AnaptysBio Inc. Common Stock,$50.10,0.09,0.18%,1387,United States,2017.0,197907,Health Care,Biotechnology: Pharmaceutical Preparations
TYRA,Tyra Biosciences Inc. Common Stock,$25.96,-0.08,-0.307%,1385,United States,2021.0,240463,Health Care,Biotechnology: Pharmaceutical Preparations
AMLX,Amylyx Pharmaceuticals Inc. Common Stock,$12.33,-0.16,-1.281%,1354,United States,2022.0,826260,Health Care,Biotechnology: Pharmaceutical Preparations
SDGR,Schrodinger Inc. Common Stock,$18.31,-0.07,-0.381%,1348,United States,2020.0,472799,Health Care,Biotechnology: Pharmaceutical Preparations
SVRA,Savara Inc. Common Stock,$6.45,0.05,0.781%,1312,United States,,949230,Health Care,Biotechnology: Pharmaceutical Preparations
SEPN,Septerna Inc. Common Stock,$28.62,-0.85,-2.884%,1281,United States,2024.0,118192,Health Care,Biotechnology: Pharmaceutical Preparations
PHAT,Phathom Pharmaceuticals Inc. Common Stock,$17.56,-0.1,-0.566%,1249,United States,2019.0,362550,Health Care,Biotechnology: Pharmaceutical Preparations
AMPH,Amphastar Pharmaceuticals Inc. Common Stock,$27.12,0.31,1.156%,1246,United States,2014.0,229035,Health Care,Biotechnology: Pharmaceutical Preparations
PVLA,Palvella Therapeutics Inc. Common Stock,$103.37,-2.46,-2.324%,1223,United States,,124803,Health Care,Biotechnology: Pharmaceutical Preparations
XERS,Xeris Biopharma Holdings Inc. Common Stock,$7.37,0.16,2.219%,1222,United States,2018.0,1115861,Health Care,Biotechnology: Pharmaceutical Preparations
BHVN,Biohaven Ltd. Common Shares ,$11.15,0.34,3.145%,1180,United States,2022.0,8253872,Health Care,Biotechnology: Pharmaceutical Preparations
SANA,Sana Biotechnology Inc. Common Stock,$4.41,-0.12,-2.649%,1174,United States,2021.0,1752652,Health Care,Biotechnology: Biological Products (No Diagnostic Substances)
INBX,Inhibrx Biosciences Inc. Common Stock,$80.21,-0.15,-0.187%,1166,United States,,95899,Health Care,Biotechnology: Biological Products (No Diagnostic Substances)
TNGX,Tango Therapeutics Inc.,$8.67,-0.03,-0.345%,1166,United States,2020.0,1588567,Health Care,Biotechnology: Pharmaceutical Preparations
ALMS,Alumis Inc. Common Stock,$10.97,-0.43,-3.772%,1145,United States,2024.0,702504,Health Care,Biotechnology: Pharmaceutical Preparations
PCRX,Pacira BioSciences Inc. Common Stock,$26.51,0.49,1.883%,1140,United States,2011.0,424527,Health Care,Biotechnology: Pharmaceutical Preparations
IOVA,Iovance Biotherapeutics Inc. Common Stock,$2.85,-0.02,-0.697%,1131,United States,,8090377,Health Care,Biotechnology: Biological Products (No Diagnostic Substances)
GLUE,Monte Rosa Therapeutics Inc. Common Stock,$17.29,-0.35,-1.984%,1125,United States,2021.0,626528,Health Care,Biotechnology: Biological Products (No Diagnostic Substances)
SPRY,ARS Pharmaceuticals Inc. Common Stock,$11.38,-0.1,-0.871%,1124,United States,2020.0,1032309,Health Care,Biotechnology: Pharmaceutical Preparations
OMER,Omeros Corporation Common Stock,$15.71,0.35,2.279%,1113,United States,2009.0,7115826,Health Care,Biotechnology: Pharmaceutical Preparations
NVAX,Novavax Inc. Common Stock,$6.83,-0.11,-1.585%,1109,United States,,1992179,Health Care,Biotechnology: Biological Products (No Diagnostic Substances)
NTLA,Intellia Therapeutics Inc. Common Stock,$9.44,-0.15,-1.564%,1093,United States,2016.0,1839158,Health Care,Biotechnology: In Vitro & In Vivo Diagnostic Substances
XNCR,Xencor Inc. Common Stock,$15.22,-0.23,-1.489%,1086,United States,2013.0,421713,Health Care,Biotechnology: Pharmaceutical Preparations
BCAX,Bicara Therapeutics Inc. Common Stock,$16.80,-0.47,-2.721%,1050,United States,2024.0,275688,Health Care,Biotechnology: Pharmaceutical Preparations
MDXG,MiMedx Group Inc Common Stock,$6.90,-0.18,-2.542%,1021,United States,,1688582,Health Care,Biotechnology: Pharmaceutical Preparations
OPK,OPKO Health Inc. Common Stock,$1.29,-0.01,-0.769%,990,United States,,2297096,Health Care,Biotechnology: Pharmaceutical Preparations
ERAS,Erasca Inc. Common Stock,$3.48,0.05,1.458%,987,United States,2021.0,1004212,Health Care,Biotechnology: Pharmaceutical Preparations
CRMD,CorMedix Inc. Common Stock,$12.53,0.34,2.789%,987,United States,,1951888,Health Care,Biotechnology: Pharmaceutical Preparations
RAPT,RAPT Therapeutics Inc. Common Stock,$35.42,-0.42,-1.172%,981,United States,2019.0,115888,Health Care,Biotechnology: Pharmaceutical Preparations
DAWN,Day One Biopharmaceuticals Inc. Common Stock,$9.45,-0.15,-1.563%,970,United States,2021.0,847056,Health Care,Biotechnology: Pharmaceutical Preparations
ELVN,Enliven Therapeutics Inc. Common Stock,$16.30,-0.43,-2.57%,967,United States,2020.0,510861,Health Care,Biotechnology: Pharmaceutical Preparations
ESPR,Esperion Therapeutics Inc. Common Stock,$4.04,0.09,2.278%,965,United States,2013.0,4623851,Health Care,Biotechnology: Pharmaceutical Preparations
ASRT,Assertio Holdings Inc. Common Stock,$9.94,0.0415,0.419%,956,United States,,129953,Health Care,Biotechnology: Pharmaceutical Preparations
KURA,Kura Oncology Inc. Common Stock,$10.63,-0.43,-3.888%,924,United States,,1168751,Health Care,Biotechnology: Pharmaceutical Preparations
CMPX,Compass Therapeutics Inc. Common Stock,$5.17,0.03,0.584%,919,United States,,945715,Health Care,Biotechnology: Biological Products (No Diagnostic Substances)
AVBP,ArriVent BioPharma Inc. Common Stock,$21.97,-0.32,-1.436%,906,United States,2024.0,215321,Health Care,Biotechnology: Pharmaceutical Preparations
NKTR,Nektar Therapeutics  Common Stock,$44.49,0.55,1.252%,904,United States,,405758,Health Care,Biotechnology: Pharmaceutical Preparations
MLTX,MoonLake Immunotherapeutics Class A Ordinary Shares,$13.83,-0.04,-0.288%,888,United States,2020.0,908924,Health Care,Biotechnology: Pharmaceutical Preparations
GERN,Geron Corporation Common Stock,$1.37,-0.03,-2.143%,874,United States,1996.0,3511541,Health Care,Biotechnology: Pharmaceutical Preparations
JANX,Janux Therapeutics Inc. Common Stock,$14.25,-0.06,-0.419%,857,United States,2021.0,1884204,Health Care,Biotechnology: Pharmaceutical Preparations
MRVI,Maravai LifeSciences Holdings Inc. Class A Common Stock,$3.27,-0.03,-0.909%,836,United States,2020.0,1760072,Health Care,Biotechnology: Pharmaceutical Preparations
VIR,Vir Biotechnology Inc. Common Stock,$6.00,-0.11,-1.80%,834,United States,2019.0,1212277,Health Care,Biotechnology: Biological Products (No Diagnostic Substances)
MPLT,MapLight Therapeutics Inc. Common Stock,$18.01,-0.11,-0.607%,817,United States,2025.0,99031,Health Care,Biotechnology: Pharmaceutical Preparations
JBIO,Jade Biosciences Inc. Common Stock,$16.45,-0.08,-0.484%,811,United States,2021.0,226065,Health Care,Biotechnology: Pharmaceutical Preparations
ORIC,Oric Pharmaceuticals Inc. Common Stock,$8.25,-0.18,-2.135%,803,United States,2020.0,904043,Health Care,Biotechnology: Pharmaceutical Preparations
RIGL,Rigel Pharmaceuticals Inc. Common Stock,$44.01,-0.63,-1.411%,798,United States,2000.0,629732,Health Care,Biotechnology: Pharmaceutical Preparations
REPL,Replimune Group Inc. Common Stock,$9.96,-0.13,-1.288%,781,United States,2018.0,756052,Health Care,Biotechnology: Biological Products (No Diagnostic Substances)
ARVN,Arvinas Inc. Common Stock,$12.16,-0.01,-0.082%,780,United States,2018.0,377440,Health Care,Biotechnology: Pharmaceutical Preparations
FULC,Fulcrum Therapeutics Inc. Common Stock,$11.58,-0.43,-3.58%,763,United States,2019.0,463073,Health Care,Biotechnology: Pharmaceutical Preparations
PROK,ProKidney Corp. Class A Ordinary Shares,$2.53,-0.04,-1.556%,761,United States,2021.0,692878,Health Care,Biotechnology: Biological Products (No Diagnostic Substances)
LXEO,Lexeo Therapeutics Inc. Common Stock,$10.25,-0.31,-2.936%,748,United States,2023.0,522687,Health Care,Biotechnology: Biological Products (No Diagnostic Substances)
GOSS,Gossamer Bio Inc. Common Stock,$3.23,-0.21,-6.105%,747,United States,2019.0,4371081,Health Care,Biotechnology: Pharmaceutical Preparations
LYEL,Lyell Immunopharma Inc. Common Stock,$35.09,-3.51,-9.093%,744,United States,2021.0,127326,Health Care,Biotechnology: Pharmaceutical Preparations
CTMX,CytomX Therapeutics Inc. Common Stock,$4.39,-0.01,-0.227%,743,United States,2015.0,1394895,Health Care,Biotechnology: Pharmaceutical Preparations
ATXS,Astria Therapeutics Inc. Common Stock,$12.95,-0.03,-0.231%,739,United States,2015.0,311404,Health Care,Biotechnology: Pharmaceutical Preparations
AQST,Aquestive Therapeutics Inc. Common Stock,$5.99,0.02,0.335%,730,United States,2018.0,1737538,Health Care,Biotechnology: Pharmaceutical Preparations
RGNX,REGENXBIO Inc. Common Stock,$14.16,-0.3,-2.075%,716,United States,2015.0,276508,Health Care,Biotechnology: Biological Products (No Diagnostic Substances)
GYRE,Gyre Therapeutics Inc. Common Stock,$7.26,0.07,0.974%,699,United States,2006.0,85625,Health Care,Biotechnology: Pharmaceutical Preparations
ORGO,Organogenesis Holdings Inc. Class A Common Stock,$5.275,-0.595,-10.136%,669,United States,2016.0,1104033,Health Care,Biotechnology: Pharmaceutical Preparations
VTYX,Ventyx Biosciences Inc. Common Stock,$9.26,0.08,0.871%,660,United States,2021.0,488834,Health Care,Biotechnology: Pharmaceutical Preparations
EBS,Emergent BioSolutions Inc. Common Stock,$12.43,-0.2,-1.584%,652,United States,2006.0,672156,Health Care,Biotechnology: Pharmaceutical Preparations
MGTX,MeiraGTx Holdings plc Ordinary Shares,$7.97,-0.3,-3.628%,641,United States,2018.0,267451,Health Care,Biotechnology: Biological Products (No Diagnostic Substances)
KROS,Keros Therapeutics Inc. Common Stock,$21.03,-0.33,-1.545%,640,United States,2020.0,313500,Health Care,Biotechnology: Pharmaceutical Preparations
PRME,Prime Medicine Inc. Common Stock,$3.50,-0.07,-1.961%,631,United States,2022.0,2588660,Health Care,Biotechnology: Biological Products (No Diagnostic Substances)
IVVD,Invivyd Inc. Common Stock,$2.69,-0.12,-4.27%,627,United States,2021.0,2373890,Health Care,Biotechnology: Biological Products (No Diagnostic Substances)
CGEM,Cullinan Therapeutics Inc. Common Stock,$10.37,0.11,1.072%,612,United States,2021.0,824629,Health Care,Biotechnology: Biological Products (No Diagnostic Substances)
ANNX,Annexon Inc. Common Stock,$5.11,-0.07,-1.351%,611,United States,2020.0,1666960,Health Care,Biotechnology: Pharmaceutical Preparations
NBY,NovaBay Pharmaceuticals Inc. Common Stock,$4.85,0.1,2.105%,611,United States,2007.0,243471,Health Care,Biotechnology: Pharmaceutical Preparations
MYGN,Myriad Genetics Inc. Common Stock,$6.48,-0.07,-1.069%,604,United States,1995.0,936497,Health Care,Biotechnology: In Vitro & In Vivo Diagnostic Substances
CRVS,Corvus Pharmaceuticals Inc. Common Stock,$7.70,0.22,2.941%,575,United States,2016.0,1351827,Health Care,Biotechnology: Pharmaceutical Preparations
ANRO,Alto Neuroscience Inc. Common Stock,$18.43,-1.45,-7.294%,572,United States,2024.0,305729,Health Care,Biotechnology: Pharmaceutical Preparations
DSGN,Design Therapeutics Inc. Common Stock,$9.63,-0.11,-1.129%,548,United States,2021.0,111454,Health Care,Biotechnology: Pharmaceutical Preparations
LBRX,LB Pharmaceuticals Inc Common Stock,$21.53,-0.47,-2.136%,544,United States,2025.0,155732,Health Care,Biotechnology: Pharmaceutical Preparations
VSTM,Verastem Inc. Common Stock,$8.06,0.19,2.414%,538,United States,2012.0,897686,Health Care,Biotechnology: Pharmaceutical Preparations
KYTX,Kyverna Therapeutics Inc. Common Stock,$9.40,0.41,4.561%,536,United States,2024.0,1069313,Health Care,Biotechnology: Biological Products (No Diagnostic Substances)
ASMB,Assembly Biosciences Inc. Common Stock,$33.62,-0.38,-1.118%,531,United States,2010.0,88094,Health Care,Biotechnology: Pharmaceutical Preparations
LENZ,LENZ Therapeutics Inc. Common Stock,$16.87,-0.27,-1.575%,527,United States,2021.0,536478,Health Care,Biotechnology: Biological Products (No Diagnostic Substances)
IRWD,Ironwood Pharmaceuticals Inc. Class A Common Stock,$3.20,-0.06,-1.84%,520,United States,2010.0,764845,Health Care,Biotechnology: Pharmaceutical Preparations
PRTA,Prothena Corporation plc Ordinary Shares,$9.54,-0.15,-1.548%,513,United States,,424645,Health Care,Biotechnology: Pharmaceutical Preparations
DNA,Ginkgo Bioworks Holdings Inc. Class A Common Stock,$8.40,-0.51,-5.724%,508,United States,2021.0,796714,Health Care,Biotechnology: Biological Products (No Diagnostic Substances)
ZVRA,Zevra Therapeutics Inc. Common Stock,$8.87,0.23,2.662%,499,United States,,726556,Health Care,Biotechnology: Pharmaceutical Preparations
BIOA,BioAge Labs Inc. Common Stock,$13.88,-0.2,-1.42%,497,United States,2024.0,154932,Health Care,Biotechnology: Pharmaceutical Preparations
ENTA,Enanta Pharmaceuticals Inc. Common Stock,$16.85,0.25,1.506%,486,United States,2013.0,251180,Health Care,Biotechnology: Pharmaceutical Preparations
THAR,Tharimmune Inc. Common Stock,$2.59,0.03,1.172%,486,United States,2022.0,134295,Health Care,Biotechnology: Pharmaceutical Preparations
CYRX,CryoPort Inc. Common Stock,$9.66,-0.11,-1.126%,483,United States,,255829,Health Care,Biotechnology: Pharmaceutical Preparations
MNPR,Monopar Therapeutics Inc. Common Stock,$68.77,-2.01,-2.84%,459,United States,2019.0,617752,Health Care,Biotechnology: Pharmaceutical Preparations
FDMT,4D Molecular Therapeutics Inc. Common Stock,$7.97,-0.13,-1.605%,455,United States,2020.0,762977,Health Care,Biotechnology: Biological Products (No Diagnostic Substances)
SLDB,Solid Biosciences Inc. Common Stock,$5.84,-0.06,-1.017%,454,United States,2018.0,481453,Health Care,Biotechnology: Biological Products (No Diagnostic Substances)
CTNM,Contineum Therapeutics Inc. Class A Common Stock,$12.41,-0.27,-2.129%,453,United States,2024.0,95801,Health Care,Biotechnology: Pharmaceutical Preparations
ETON,Eton Pharmaceuticals Inc. Common Stock,$16.83,-0.16,-0.942%,451,United States,2018.0,140726,Health Care,Biotechnology: Pharmaceutical Preparations
SIGA,SIGA Technologies Inc. Common Stock,$6.27,0.0,0.00%,449,United States,,318507,Health Care,Biotechnology: Pharmaceutical Preparations
EOLS,Evolus Inc. Common Stock,$6.90,0.05,0.73%,447,United States,2018.0,845490,Health Care,Biotechnology: Pharmaceutical Preparations
LXRX,Lexicon Pharmaceuticals Inc. Common Stock,$1.23,0.0,0.00%,446,United States,,895690,Health Care,Biotechnology: Pharmaceutical Preparations
BNTC,Benitec Biopharma Inc. Common Stock,$13.10,0.05,0.383%,443,United States,2015.0,73589,Health Care,Biotechnology: Pharmaceutical Preparations
AKBA,Akebia Therapeutics Inc. Common Stock,$1.66,-0.04,-2.353%,440,United States,2014.0,2195649,Health Care,Biotechnology: Pharmaceutical Preparations
OCGN,Ocugen Inc. Common Stock,$1.41,-0.03,-2.083%,440,United States,2014.0,2288302,Health Care,Biotechnology: Biological Products (No Diagnostic Substances)
IMRX,Immuneering Corporation Class A Common Stock,$6.73,-0.08,-1.175%,434,United States,2021.0,1294777,Health Care,Biotechnology: Pharmaceutical Preparations
DMAC,DiaMedica Therapeutics Inc. Common Stock,$8.23,-0.24,-2.834%,428,United States,2018.0,130650,Health Care,Biotechnology: Pharmaceutical Preparations
VNDA,Vanda Pharmaceuticals Inc. Common Stock,$7.04,0.13,1.881%,416,United States,2006.0,1361541,Health Care,Biotechnology: Pharmaceutical Preparations
PURR,Hyperliquid Strategies Inc Common Stock,$3.26,0.05,1.558%,414,United States,,780308,Health Care,Biotechnology: Pharmaceutical Preparations
SLS,SELLAS Life Sciences Group Inc. Common Stock,$2.87,0.03,1.056%,408,United States,,4359047,Health Care,Biotechnology: Pharmaceutical Preparations
PRTC,PureTech Health plc American Depositary Shares,$16.72,-0.0354,-0.211%,404,United States,,458,Health Care,Biotechnology: Pharmaceutical Preparations
ALT,Altimmune Inc. Common Stock,$3.86,-0.12,-3.015%,402,United States,,2921941,Health Care,Biotechnology: Pharmaceutical Preparations
PEPG,PepGen Inc. Common Stock,$5.81,0.03,0.519%,399,United States,2022.0,255217,Health Care,Biotechnology: Pharmaceutical Preparations
TRDA,Entrada Therapeutics Inc. Common Stock,$10.41,-0.17,-1.607%,397,United States,2021.0,176341,Health Care,Biotechnology: Pharmaceutical Preparations
XFOR,X4 Pharmaceuticals Inc. Common Stock,$4.50,0.08,1.81%,393,United States,2017.0,536938,Health Care,Biotechnology: Biological Products (No Diagnostic Substances)
TECX,Tectonic Therapeutic Inc. Common Stock,$20.88,-0.92,-4.22%,390,United States,2018.0,183058,Health Care,Biotechnology: Biological Products (No Diagnostic Substances)
IKT,Inhibikase Therapeutics Inc. Common Stock,$2.00,0.35,21.212%,382,United States,2020.0,2082157,Health Care,Biotechnology: Biological Products (No Diagnostic Substances)
LCTX,Lineage Cell Therapeutics Inc. Common Stock,$1.65,-0.03,-1.786%,380,United States,,722070,Health Care,Biotechnology: Biological Products (No Diagnostic Substances)
NATR,Nature's Sunshine Products Inc. Common Stock,$21.61,-0.23,-1.053%,378,United States,,41606,Health Care,Biotechnology: Pharmaceutical Preparations
RCKT,Rocket Pharmaceuticals Inc. Common Stock,$3.48,-0.03,-0.855%,376,United States,2015.0,934514,Health Care,Biotechnology: Pharmaceutical Preparations
AURA,Aura Biosciences Inc. Common Stock,$5.87,-0.01,-0.17%,372,United States,2021.0,99060,Health Care,Biotechnology: Biological Products (No Diagnostic Substances)
FBRX,Forte Biosciences Inc. Common Stock,$27.87,0.43,1.567%,349,United States,2017.0,144285,Health Care,Biotechnology: Pharmaceutical Preparations
LRMR,Larimar Therapeutics Inc. Common Stock,$3.93,-0.04,-1.008%,336,United States,2014.0,740409,Health Care,Biotechnology: Pharmaceutical Preparations
CLYM,Climb Bio Inc. Common Stock,$4.93,0.08,1.649%,336,United States,2021.0,774642,Health Care,Biotechnology: Pharmaceutical Preparations
AVTX,Avalo Therapeutics Inc. Common Stock,$18.37,-0.54,-2.856%,333,United States,2015.0,138141,Health Care,Biotechnology: Pharmaceutical Preparations
ARMP,Armata Pharmaceuticals Inc. Common Stock,$6.58,0.17,2.652%,332,United States,,3679,Health Care,Biotechnology: Biological Products (No Diagnostic Substances)
XOMAP,XOMA Royalty Corporation 8.625% Series A Cumulative Perpetual Preferred Stock,$26.75,0.0799,0.30%,331,United States,,1634,Health Care,Biotechnology: Pharmaceutical Preparations
RLMD,Relmada Therapeutics Inc. Common Stock,$4.51,-0.09,-1.957%,330,United States,,236566,Health Care,Biotechnology: Pharmaceutical Preparations
CADL,Candel Therapeutics Inc. Common Stock,$6.01,-0.07,-1.151%,329,United States,2021.0,304072,Health Care,Biotechnology: Biological Products (No Diagnostic Substances)
ACRS,Aclaris Therapeutics Inc. Common Stock,$3.03,-0.01,-0.329%,328,United States,2015.0,498215,Health Care,Biotechnology: Pharmaceutical Preparations
AVXL,Anavex Life Sciences Corp. Common Stock,$3.64,-0.08,-2.151%,325,United States,,1613383,Health Care,Biotechnology: Biological Products (No Diagnostic Substances)
VOR,Vor Biopharma Inc. Common Stock,$14.72,0.19,1.308%,322,United States,2021.0,627023,Health Care,Biotechnology: Biological Products (No Diagnostic Substances)
XOMA,XOMA Royalty Corporation Common Stock,$26.06,0.07,0.269%,322,United States,1986.0,143325,Health Care,Biotechnology: Pharmaceutical Preparations
VYGR,Voyager Therapeutics Inc. Common Stock,$4.08,0.01,0.246%,322,United States,2015.0,218788,Health Care,Biotechnology: Biological Products (No Diagnostic Substances)
PALI,Palisade Bio Inc. Common Stock,$2.15,-0.05,-2.273%,320,United States,,1340074,Health Care,Biotechnology: Biological Products (No Diagnostic Substances)
ALDX,Aldeyra Therapeutics Inc. Common Stock,$5.31,0.03,0.568%,319,United States,2014.0,508763,Health Care,Biotechnology: Pharmaceutical Preparations
XOMAO,XOMA Royalty Corporation Depositary Shares Rep Series B 8.375% Cumulative Preferred Stock,$25.5089,-0.0186,-0.073%,315,United States,,235,Health Care,Biotechnology: Pharmaceutical Preparations
CCCC,C4 Therapeutics Inc. Common Stock,$2.12,0.04,1.923%,315,United States,2020.0,1135725,Health Care,Biotechnology: Biological Products (No Diagnostic Substances)
ALLO,Allogene Therapeutics Inc. Common Stock,$1.38,-0.02,-1.429%,310,United States,2018.0,2197329,Health Care,Biotechnology: Biological Products (No Diagnostic Substances)
LFCR,Lifecore Biomedical Inc. Common Stock,$8.30,0.05,0.606%,310,United States,,113932,Health Care,Biotechnology: Pharmaceutical Preparations
PBYI,Puma Biotechnology Inc Common Stock,$6.16,0.2,3.356%,310,United States,,458074,Health Care,Biotechnology: Pharmaceutical Preparations
FHTX,Foghorn Therapeutics Inc. Common Stock,$5.40,0.0,0.00%,305,United States,2020.0,70262,Health Care,Biotechnology: Pharmaceutical Preparations
FBIOP,Fortress Biotech Inc. 9.375% Series A Cumulative Redeemable Perpetual Preferred Stock,$9.39,0.19,2.065%,297,United States,,19719,Health Care,Biotechnology: Pharmaceutical Preparations
NMRA,Neumora Therapeutics Inc. Common Stock,$1.78,-0.03,-1.657%,297,United States,2023.0,529513,Health Care,Biotechnology: Biological Products (No Diagnostic Substances)
AARD,Aardvark Therapeutics Inc. Common Stock,$13.65,-0.61,-4.278%,297,United States,2025.0,85642,Health Care,Biotechnology: Pharmaceutical Preparations
ABEO,Abeona Therapeutics Inc. Common Stock,$5.45,0.04,0.739%,295,United States,,521713,Health Care,Biotechnology: Pharmaceutical Preparations
IMMX,Immix Biopharma Inc. Common Stock,$5.64,-0.1,-1.742%,294,United States,2021.0,511865,Health Care,Biotechnology: Pharmaceutical Preparations
BBOT,BridgeBio Oncology Therapeutics Inc. Common Stock  ,$12.33,0.13,1.066%,289,United States,2024.0,95329,Health Care,Biotechnology: Pharmaceutical Preparations
TARA,Protara Therapeutics Inc.  Common Stock,$5.55,0.06,1.093%,286,United States,2014.0,382843,Health Care,Biotechnology: Biological Products (No Diagnostic Substances)
GLSI,Greenwich LifeSciences Inc. Common Stock,$20.685,3.475,20.192%,286,United States,2020.0,1265161,Health Care,Biotechnology: Pharmaceutical Preparations
AVIR,Atea Pharmaceuticals Inc. Common Stock,$3.65,0.03,0.829%,285,United States,2020.0,373523,Health Care,Biotechnology: Pharmaceutical Preparations
GALT,Galectin Therapeutics Inc. Common Stock,$4.05,0.02,0.496%,261,United States,,413064,Health Care,Biotechnology: Pharmaceutical Preparations
ACTU,Actuate Therapeutics Inc. Common stock,$6.465,-0.095,-1.448%,253,United States,2024.0,13567,Health Care,Biotechnology: Pharmaceutical Preparations
RZLT,Rezolute Inc. Common Stock (NV),$2.67,-0.07,-2.555%,247,United States,,5717059,Health Care,Biotechnology: Pharmaceutical Preparations
ACHV,Achieve Life Sciences Inc. Common Shares,$4.485,0.025,0.561%,238,United States,,226683,Health Care,Biotechnology: In Vitro & In Vivo Diagnostic Substances
HRTX,Heron Therapeutics Inc. Common Stock,$1.28,0.0,0.00%,234,United States,,899245,Health Care,Biotechnology: Pharmaceutical Preparations
OVID,Ovid Therapeutics Inc. Common Stock,$1.78,0.0,0.00%,231,United States,2017.0,856283,Health Care,Biotechnology: Pharmaceutical Preparations
FENC,Fennec Pharmaceuticals Inc. Common Stock,$8.09,0.42,5.476%,227,United States,,156777,Health Care,Biotechnology: Biological Products (No Diagnostic Substances)
HYPD,Hyperion DeFi Inc. Common Stock,$3.84,-0.18,-4.478%,226,United States,2018.0,138275,Health Care,Biotechnology: Pharmaceutical Preparations
HUMA,Humacyte Inc. Common Stock,$1.07,-0.01,-0.926%,224,United States,2020.0,3663435,Health Care,Biotechnology: Biological Products (No Diagnostic Substances)
TKNO,Alpha Teknova Inc. Common Stock,$4.04,-0.07,-1.703%,216,United States,2021.0,214641,Health Care,Biotechnology: In Vitro & In Vivo Diagnostic Substances
DERM,Journey Medical Corporation Common Stock,$7.92,-0.21,-2.583%,214,United States,2021.0,214371,Health Care,Biotechnology: Pharmaceutical Preparations
CRDF,Cardiff Oncology Inc. Common Stock,$3.17,-0.01,-0.314%,213,United States,,1171730,Health Care,Biotechnology: Biological Products (No Diagnostic Substances)
EDIT,Editas Medicine Inc. Common Stock,$2.17,-0.04,-1.81%,211,United States,2016.0,1260673,Health Care,Biotechnology: Biological Products (No Diagnostic Substances)
STTK,Shattuck Labs Inc. Common Stock,$3.35,0.07,2.134%,211,United States,2020.0,223116,Health Care,Biotechnology: Pharmaceutical Preparations
CABA,Cabaletta Bio Inc. Common Stock,$2.19,0.0,0.00%,210,United States,2019.0,743636,Health Care,Biotechnology: Biological Products (No Diagnostic Substances)
NTHI,NeOnc Technologies Holdings Inc. Common Stock,$8.57,0.22,2.635%,205,United States,,25996,Health Care,Biotechnology: Pharmaceutical Preparations
CGTX,Cognition Therapeutics Inc. Common Stock,$1.45,-0.01,-0.685%,199,United States,2021.0,430959,Health Care,Biotechnology: Biological Products (No Diagnostic Substances)
NVCT,Nuvectis Pharma Inc. Common Stock,$7.75,0.04,0.519%,198,United States,2022.0,22642,Health Care,Biotechnology: Pharmaceutical Preparations
QNCX,Quince Therapeutics Inc. Common Stock,$3.56,-0.1,-2.732%,198,United States,2019.0,388251,Health Care,Biotechnology: Biological Products (No Diagnostic Substances)
SGMT,Sagimet Biosciences Inc. Series A Common Stock,$5.96,-0.1,-1.65%,193,United States,2023.0,239892,Health Care,Biotechnology: Pharmaceutical Preparations
TNXP,Tonix Pharmaceuticals Holding Corp. Common Stock,$16.26,-0.525,-3.128%,191,United States,,367824,Health Care,Biotechnology: Pharmaceutical Preparations
SRZN,Surrozen Inc. Common Stock,$22.20,-0.695,-3.036%,190,United States,,29409,Health Care,Biotechnology: Biological Products (No Diagnostic Substances)
IMDX,Insight Molecular Diagnostics Inc. Common Stock,$6.37,0.55,9.45%,182,United States,,71758,Health Care,Biotechnology: In Vitro & In Vivo Diagnostic Substances
NERV,Minerva Neurosciences Inc Common Stock,$4.19,0.22,5.542%,181,United States,2014.0,54277,Health Care,Biotechnology: Pharmaceutical Preparations
SABS,SAB Biotherapeutics Inc. Common Stock,$3.78,-0.06,-1.563%,179,United States,2021.0,62851,Health Care,Biotechnology: Biological Products (No Diagnostic Substances)
RVMDW,Revolution Medicines Inc. Warrant,$0.90,-0.06,-6.25%,173,United States,,4004,Health Care,Biotechnology: Biological Products (No Diagnostic Substances)
RNAC,Cartesian Therapeutics Inc. Common Stock,$6.68,-0.08,-1.183%,173,United States,2016.0,157043,Health Care,Biotechnology: Pharmaceutical Preparations
KLRS,Kalaris Therapeutics Inc. Common Stock,$9.255,-0.325,-3.392%,173,United States,2020.0,91644,Health Care,Biotechnology: Biological Products (No Diagnostic Substances)
CBIO,Crescent Biopharma Inc. Common Stock,$12.35,-0.02,-0.162%,171,United States,2014.0,43145,Health Care,Biotechnology: Pharmaceutical Preparations
RANI,Rani Therapeutics Holdings Inc. Class A Common Stock,$1.40,-0.08,-5.405%,170,United States,2021.0,3047676,Health Care,Biotechnology: Pharmaceutical Preparations
GNLX,Genelux Corporation Common Stock,$4.37,-0.03,-0.682%,166,United States,2023.0,45004,Health Care,Biotechnology: Pharmaceutical Preparations
TNYA,Tenaya Therapeutics Inc. Common Stock,$0.7541,0.0091,1.221%,161,United States,2021.0,2204710,Health Care,Biotechnology: Biological Products (No Diagnostic Substances)
CHRS,Coherus Oncology Inc. Common Stock,$1.33,-0.01,-0.746%,160,United States,2014.0,292853,Health Care,Biotechnology: Biological Products (No Diagnostic Substances)
CRBU,Caribou Biosciences Inc. Common Stock,$1.70,-0.02,-1.163%,158,United States,2021.0,776633,Health Care,Biotechnology: Biological Products (No Diagnostic Substances)
ALEC,Alector Inc. Common Stock,$1.45,0.0,0.00%,158,United States,2019.0,640188,Health Care,Biotechnology: Biological Products (No Diagnostic Substances)
GANX,Gain Therapeutics Inc. Common Stock,$3.15,-0.07,-2.174%,156,United States,2021.0,576310,Health Care,Biotechnology: Pharmaceutical Preparations
PRLD,Prelude Therapeutics Incorporated Common Stock,$2.45,0.22,9.865%,154,United States,2020.0,267155,Health Care,Biotechnology: Pharmaceutical Preparations
VTVT,vTv Therapeutics Inc. Class A Common Stock,$37.91,0.9,2.432%,149,United States,2015.0,7731,Health Care,Biotechnology: Pharmaceutical Preparations
BDTX,Black Diamond Therapeutics Inc. Common Stock,$2.59,-0.08,-2.996%,147,United States,2020.0,838541,Health Care,Biotechnology: Biological Products (No Diagnostic Substances)
CRBP,Corbus Pharmaceuticals Holdings Inc. Common Stock,$8.33,-0.1,-1.186%,146,United States,,139013,Health Care,Biotechnology: Pharmaceutical Preparations
MRSN,Mersana Therapeutics Inc. Common Stock,$29.075,-0.025,-0.086%,145,United States,2017.0,82367,Health Care,Biotechnology: Pharmaceutical Preparations
SGMO,Sangamo Therapeutics Inc. Common Stock,$0.425,-0.02,-4.494%,143,United States,2000.0,4253380,Health Care,Biotechnology: Biological Products (No Diagnostic Substances)
ELTX,Elicio Therapeutics Inc. Common Stock,$8.07,-0.12,-1.465%,141,United States,2021.0,54931,Health Care,Biotechnology: Pharmaceutical Preparations
IRD,Opus Genetics Inc. Common Stock,$2.02,-0.02,-0.98%,139,United States,,217597,Health Care,Biotechnology: Pharmaceutical Preparations
MCRB,Seres Therapeutics Inc. Common Stock,$14.65,-0.65,-4.248%,132,United States,2015.0,34614,Health Care,Biotechnology: Pharmaceutical Preparations
VRCA,Verrica Pharmaceuticals Inc. Common Stock,$8.16,-0.17,-2.041%,130,United States,2018.0,129134,Health Care,Biotechnology: Pharmaceutical Preparations
SPRO,Spero Therapeutics Inc. Common Stock,$2.32,-0.02,-0.855%,130,United States,2017.0,280367,Health Care,Biotechnology: Pharmaceutical Preparations
NKTX,Nkarta Inc. Common Stock,$1.84,0.03,1.657%,130,United States,2020.0,310097,Health Care,Biotechnology: Pharmaceutical Preparations
UNCY,Unicycive Therapeutics Inc. Common Stock,$6.07,0.21,3.584%,130,United States,2021.0,198933,Health Care,Biotechnology: Pharmaceutical Preparations
ABOS,Acumen Pharmaceuticals Inc. Common Stock,$2.11,-0.05,-2.315%,127,United States,2021.0,92837,Health Care,Biotechnology: Biological Products (No Diagnostic Substances)
KPTI,Karyopharm Therapeutics Inc. Common Stock,$7.44,-0.03,-0.402%,126,United States,2013.0,106297,Health Care,Biotechnology: Pharmaceutical Preparations
DWTX,Dogwood Therapeutics Inc. Common Stock,$4.07,-0.31,-7.078%,126,United States,2020.0,33884,Health Care,Biotechnology: Pharmaceutical Preparations
WHWK,Whitehawk Therapeutics Inc. Common Stock,$2.67,-0.02,-0.743%,125,United States,,208065,Health Care,Biotechnology: Pharmaceutical Preparations
ATRA,Atara Biotherapeutics Inc. Common Stock,$17.27,-0.32,-1.819%,124,United States,2014.0,71067,Health Care,Biotechnology: Biological Products (No Diagnostic Substances)
FBIO,Fortress Biotech Inc. Common Stock,$3.74,0.07,1.907%,118,United States,,447282,Health Care,Biotechnology: Pharmaceutical Preparations
OTLK,Outlook Therapeutics Inc. Common Stock,$1.82,-0.01,-0.546%,116,United States,2016.0,4511257,Health Care,Biotechnology: Biological Products (No Diagnostic Substances)
FATE,Fate Therapeutics Inc. Common Stock,$1.00,-0.01,-0.99%,115,United States,2013.0,991756,Health Care,Biotechnology: Biological Products (No Diagnostic Substances)
COYA,Coya Therapeutics Inc. Common Stock,$5.47,-0.08,-1.441%,114,United States,2022.0,89020,Health Care,Biotechnology: Pharmaceutical Preparations
AGEN,Agenus Inc. Common Stock,$3.31,-0.04,-1.194%,112,United States,2000.0,733409,Health Care,Biotechnology: Biological Products (No Diagnostic Substances)
XTNT,Xtant Medical Holdings Inc. Common Stock,$0.776,-0.002,-0.257%,108,United States,,46255,Health Care,Biotechnology: Biological Products (No Diagnostic Substances)
SCLX,Scilex Holding Company Common Stock,$14.10,0.28,2.026%,106,United States,2021.0,63934,Health Care,Biotechnology: Biological Products (No Diagnostic Substances)
INMB,INmune Bio Inc. Common stock,$1.73,-0.04,-2.26%,105,United States,2019.0,342717,Health Care,Biotechnology: Biological Products (No Diagnostic Substances)
ANIX,Anixa Biosciences Inc. Common Stock,$3.20,-0.22,-6.433%,105,United States,,225904,Health Care,Biotechnology: Pharmaceutical Preparations
SAVA,Cassava Sciences Inc. Common Stock,$2.18,-0.05,-2.242%,105,United States,,538064,Health Care,Biotechnology: Pharmaceutical Preparations
CNTX,Context Therapeutics Inc. Common Stock,$1.13,-0.02,-1.739%,103,United States,2021.0,108314,Health Care,Biotechnology: Pharmaceutical Preparations
ARTV,Artiva Biotherapeutics Inc. Common Stock,$4.18,-0.12,-2.791%,102,United States,2024.0,178740,Health Care,Biotechnology: Biological Products (No Diagnostic Substances)
PYXS,Pyxis Oncology Inc. Common Stock,$1.11,0.0,0.00%,101,United States,2021.0,1611444,Health Care,Biotechnology: Pharmaceutical Preparations
MGNX,MacroGenics Inc. Common Stock,$1.61,-0.01,-0.617%,101,United States,2013.0,444241,Health Care,Biotechnology: Pharmaceutical Preparations
INKT,MiNK Therapeutics Inc. Common Stock,$11.95,0.05,0.42%,100,United States,2021.0,6782,Health Care,Biotechnology: Biological Products (No Diagnostic Substances)
ETHZ,ETHZilla Corporation Common Stock,$5.18,0.05,0.975%,98,United States,2017.0,735623,Health Care,Biotechnology: Pharmaceutical Preparations
ZNTL,Zentalis Pharmaceuticals Inc. Common Stock,$1.36,-0.02,-1.449%,98,United States,2020.0,556537,Health Care,Biotechnology: Pharmaceutical Preparations
STRO,Sutro Biopharma Inc. Common Stock,$11.49,0.74,6.884%,97,United States,2018.0,106477,Health Care,Biotechnology: Biological Products (No Diagnostic Substances)
CSBR,Champions Oncology Inc. Common Stock,$6.98,-0.07,-0.993%,96,United States,,39848,Health Care,Biotechnology: Biological Products (No Diagnostic Substances)
EXOZ,eXoZymes Inc. Common Stock,$11.49,-0.98,-7.859%,96,United States,2024.0,5260,Health Care,Biotechnology: Biological Products (No Diagnostic Substances)
ELDN,Eledon Pharmaceuticals Inc. Common Stock,$1.60,0.03,1.911%,95,United States,2014.0,433566,Health Care,Biotechnology: Pharmaceutical Preparations
ANVS,Annovis Bio Inc. Common Stock,$3.60,-0.06,-1.639%,95,United States,2020.0,286933,Health Care,Biotechnology: Pharmaceutical Preparations
CTOR,Citius Oncology Inc. Common Stock,$1.13,-0.015,-1.31%,95,United States,2022.0,416789,Health Care,Biotechnology: Pharmaceutical Preparations
IPSC,Century Therapeutics Inc. Common Stock,$1.085,0.045,4.327%,94,United States,2021.0,1434939,Health Care,Biotechnology: Biological Products (No Diagnostic Substances)
BMEA,Biomea Fusion Inc. Common Stock,$1.32,0.03,2.326%,93,United States,2021.0,531921,Health Care,Biotechnology: Pharmaceutical Preparations
EQ,Equillium Inc. Common Stock,$1.50,-0.11,-6.832%,91,United States,2018.0,1033279,Health Care,Biotechnology: Pharmaceutical Preparations
SPRB,Spruce Biosciences Inc. Common Stock,$85.74,1.74,2.071%,91,United States,2020.0,36847,Health Care,Biotechnology: Pharmaceutical Preparations
CALC,CalciMedica Inc. Common Stock,$6.23,0.02,0.322%,89,United States,2023.0,243614,Health Care,Biotechnology: Pharmaceutical Preparations
ATOS,Atossa Therapeutics Inc. Common Stock,$0.6589,-0.0274,-3.992%,85,United States,2012.0,967560,Health Care,Biotechnology: Pharmaceutical Preparations
TTRX,Turn Therapeutics Inc. Common Stock,$2.74,-0.23,-7.744%,80,United States,,50322,Health Care,Biotechnology: Pharmaceutical Preparations
COEP,Coeptis Therapeutics Holdings Inc. Common Stock,$14.65,-0.51,-3.364%,79,United States,2020.0,57194,Health Care,Biotechnology: Biological Products (No Diagnostic Substances)
TENX,Tenax Therapeutics Inc. Common Stock,$12.67,0.12,0.956%,79,United States,,117949,Health Care,Biotechnology: Pharmaceutical Preparations
ACET,Adicet Bio Inc. Common Stock,$0.52,0.0008,0.154%,79,United States,2018.0,2941146,Health Care,Biotechnology: Pharmaceutical Preparations
LFVN,Lifevantage Corporation Common Stock (Delaware),$6.07,-0.26,-4.107%,77,United States,,359159,Health Care,Biotechnology: Pharmaceutical Preparations
ACRV,Acrivon Therapeutics Inc. Common Stock,$2.44,0.05,2.092%,76,United States,2022.0,180927,Health Care,Biotechnology: Pharmaceutical Preparations
KRRO,Korro Bio Inc. Common Stock,$8.12,-0.29,-3.448%,76,United States,2019.0,99854,Health Care,Biotechnology: Pharmaceutical Preparations
TIL,Instil Bio Inc. Common Stock,$11.31,-0.15,-1.309%,76,United States,2021.0,39151,Health Care,Biotechnology: Biological Products (No Diagnostic Substances)
TVGN,Tevogen Bio Holdings Inc. Common Stock,$0.3807,-0.0152,-3.839%,75,United States,2022.0,313909,Health Care,Biotechnology: Biological Products (No Diagnostic Substances)
NRXP,NRX Pharmaceuticals Inc. Common Stock,$2.56,0.12,4.918%,75,United States,2017.0,490054,Health Care,Biotechnology: Pharmaceutical Preparations
XBIT,XBiotech Inc. Common Stock,$2.47,-0.01,-0.403%,75,United States,2015.0,13667,Health Care,Biotechnology: Pharmaceutical Preparations
PLRX,Pliant Therapeutics Inc. Common Stock,$1.21,-0.02,-1.626%,74,United States,2020.0,511432,Health Care,Biotechnology: Pharmaceutical Preparations
CRVO,CervoMed Inc. Common Stock,$8.08,-0.4,-4.717%,74,United States,,22763,Health Care,Biotechnology: Pharmaceutical Preparations
BYSI,BeyondSpring Inc. Ordinary Shares,$1.84,-0.08,-4.167%,74,United States,2017.0,69525,Health Care,Biotechnology: Pharmaceutical Preparations
DOMH,Dominari Holdings Inc. Common Stock,$4.57,0.05,1.106%,73,United States,,211436,Health Care,Biotechnology: Pharmaceutical Preparations
ATYR,aTyr Pharma Inc. Common Stock,$0.7428,0.0047,0.637%,72,United States,2015.0,1711965,Health Care,Biotechnology: Biological Products (No Diagnostic Substances)
ALXO,ALX Oncology Holdings Inc. Common Stock,$1.33,-0.03,-2.206%,72,United States,2020.0,74640,Health Care,Biotechnology: Pharmaceutical Preparations
IMUX,Immunic Inc. Common Stock,$0.5613,-0.023,-3.936%,67,United States,2014.0,1823621,Health Care,Biotechnology: Pharmaceutical Preparations
CYPH,Cypherpunk Technologies Inc. Common Stock,$1.20,0.03,2.564%,67,United States,,2005068,Health Care,Biotechnology: Pharmaceutical Preparations
NXTC,NextCure Inc. Common Stock,$12.77,-0.02,-0.156%,66,United States,2019.0,15145,Health Care,Biotechnology: Pharmaceutical Preparations
PMVP,PMV Pharmaceuticals Inc. Common Stock,$1.24,0.02,1.639%,65,United States,2020.0,52942,Health Care,Biotechnology: Pharmaceutical Preparations
CLNN,Clene Inc. Common Stock,$6.25,-0.11,-1.73%,64,United States,,36585,Health Care,Biotechnology: Pharmaceutical Preparations
IMA,ImageneBio Inc. Common Stock,$5.80,-0.05,-0.855%,64,United States,2021.0,30155,Health Care,Biotechnology: Biological Products (No Diagnostic Substances)
MIRA,MIRA Pharmaceuticals Inc. Common Stock,$1.51,-0.07,-4.43%,63,United States,2023.0,134071,Health Care,Biotechnology: Pharmaceutical Preparations
MGX,Metagenomi Inc. Common Stock,$1.70,-0.04,-2.299%,63,United States,2024.0,274650,Health Care,Biotechnology: Biological Products (No Diagnostic Substances)
MNOV,Medicinova Inc Common Stock,$1.27,-0.01,-0.781%,62,United States,,182230,Health Care,Biotechnology: Pharmaceutical Preparations
ALGS,Aligos Therapeutics Inc. Common Stock,$10.11,-0.41,-3.897%,62,United States,2020.0,29597,Health Care,Biotechnology: Biological Products (No Diagnostic Substances)
CPIX,Cumberland Pharmaceuticals Inc. Common Stock,$4.12,-0.08,-1.905%,61,United States,2009.0,119376,Health Care,Biotechnology: Pharmaceutical Preparations
TCRX,TScan Therapeutics Inc. Common Stock,$1.06,0.02,1.923%,60,United States,2021.0,626026,Health Care,Biotechnology: Biological Products (No Diagnostic Substances)
ABVC,ABVC BioPharma Inc. Common Stock,$2.43,0.1,4.292%,59,United States,,92851,Health Care,Biotechnology: Pharmaceutical Preparations
AIXC,AIxCrypto Holdings Inc. Common Stock,$2.52,-0.18,-6.667%,58,United States,2015.0,76870,Health Care,Biotechnology: Pharmaceutical Preparations
ESLA,Estrella Immunopharma Inc. Common Stock,$1.54,-0.05,-3.145%,58,United States,2021.0,15846,Health Care,Biotechnology: Biological Products (No Diagnostic Substances)
DTIL,Precision BioSciences Inc. Common Stock,$4.23,-0.06,-1.399%,56,United States,2019.0,163008,Health Care,Biotechnology: Biological Products (No Diagnostic Substances)
ICCC,ImmuCell Corporation Common Stock,$6.12,0.32,5.517%,55,United States,1987.0,336406,Health Care,Biotechnology: In Vitro & In Vivo Diagnostic Substances
TLPH,Talphera Inc. Common Stock,$1.10,-0.03,-2.655%,51,United States,2011.0,125523,Health Care,Biotechnology: Pharmaceutical Preparations
TELO,Telomir Pharmaceuticals Inc. Common Stock,$1.46,0.04,2.817%,50,United States,2024.0,187169,Health Care,Biotechnology: Pharmaceutical Preparations
CELU,Celularity Inc. Class A Common Stock,$1.34,0.02,1.515%,50,United States,2019.0,61033,Health Care,Biotechnology: Pharmaceutical Preparations
BCAB,BioAtla Inc. Common Stock,$0.8348,0.1108,15.304%,49,United States,2020.0,1014100,Health Care,Biotechnology: Biological Products (No Diagnostic Substances)
JSPR,Jasper Therapeutics Inc. Common Stock,$1.76,-0.07,-3.825%,49,United States,2020.0,442519,Health Care,Biotechnology: Biological Products (No Diagnostic Substances)
LITS,Lite Strategy Inc. Common Stock,$1.35,-0.04,-2.878%,49,United States,2003.0,971385,Health Care,Biotechnology: Pharmaceutical Preparations
HURA,TuHURA Biosciences Inc. Common Stock,$0.7958,-0.0277,-3.364%,48,United States,,403636,Health Care,Biotechnology: Pharmaceutical Preparations
ATNM,Actinium Pharmaceuticals Inc. (Delaware) Common Stock,$1.52,-0.07,-4.403%,47,United States,,136278,Health Care,Biotechnology: Pharmaceutical Preparations
KZR,Kezar Life Sciences Inc. Common Stock,$6.34,0.0,0.00%,46,United States,2018.0,10894,Health Care,Biotechnology: Pharmaceutical Preparations
ANEB,Anebulo Pharmaceuticals Inc. Common Stock,$1.12,-0.08,-6.667%,46,United States,2021.0,132530,Health Care,Biotechnology: Pharmaceutical Preparations
PDSB,PDS Biotechnology Corporation Common Stock,$0.9042,0.0109,1.22%,44,United States,2015.0,667981,Health Care,Biotechnology: Pharmaceutical Preparations
IBIO,iBio Inc. Common Stock,$1.89,0.02,1.07%,42,United States,,891405,Health Care,Biotechnology: Pharmaceutical Preparations
QTTB,Q32 Bio Inc. Common Stock,$3.20,0.0,0.00%,39,United States,2018.0,146093,Health Care,Biotechnology: Pharmaceutical Preparations
JUNS,Jupiter Neurosciences Inc. Common Stock,$1.14,0.04,3.636%,39,United States,2024.0,72406,Health Care,Biotechnology: Pharmaceutical Preparations
VERU,Veru Inc. Common Stock,$2.40,0.06,2.564%,38,United States,,177529,Health Care,Biotechnology: Pharmaceutical Preparations
XCUR,Exicure Inc. Common Stock,$5.99,-0.01,-0.167%,38,United States,,41152,Health Care,Biotechnology: Pharmaceutical Preparations
LTRN,Lantern Pharma Inc. Common Stock,$3.48,0.14,4.192%,38,United States,2020.0,49717,Health Care,Biotechnology: Pharmaceutical Preparations
TVRD,Tvardi Therapeutics Inc. Common Stock,$4.14,0.12,2.985%,38,United States,2014.0,415557,Health Care,Biotechnology: Pharmaceutical Preparations
GBIO,Generation Bio Co. Common Stock,$5.60,0.04,0.719%,37,United States,2020.0,77138,Health Care,Biotechnology: Pharmaceutical Preparations
OKUR,OnKure Therapeutics Inc. Class A Common Stock,$2.80,-0.05,-1.754%,37,United States,2021.0,100068,Health Care,Biotechnology: Pharmaceutical Preparations
FGEN,FibroGen Inc Common Stock,$8.90,0.315,3.669%,36,United States,2014.0,28658,Health Care,Biotechnology: Pharmaceutical Preparations
BTAI,BioXcel Therapeutics Inc. Common Stock,$1.66,-0.05,-2.924%,36,United States,2018.0,333053,Health Care,Biotechnology: Pharmaceutical Preparations
RVPH,Reviva Pharmaceuticals Holdings Inc. Common Stock ,$0.3069,0.0289,10.396%,35,United States,2020.0,7820417,Health Care,Biotechnology: Pharmaceutical Preparations
NNVC,NanoViricides Inc. Common Stock,$1.19,0.0,0.00%,34,United States,,268802,Health Care,Biotechnology: Pharmaceutical Preparations
XLO,Xilio Therapeutics Inc. Common Stock,$0.6619,-0.0034,-0.511%,34,United States,2021.0,218489,Health Care,Biotechnology: Pharmaceutical Preparations
PASG,Passage Bio Inc. Common Stock,$10.86,-0.03,-0.275%,34,United States,2020.0,21462,Health Care,Biotechnology: Biological Products (No Diagnostic Substances)
DYAI,Dyadic International Inc. Common Stock,$0.9519,-0.0326,-3.311%,34,United States,,57284,Health Care,Biotechnology: Biological Products (No Diagnostic Substances)
RMTI,Rockwell Medical Inc. Common Stock,$0.8646,0.0553,6.833%,34,United States,1998.0,240016,Health Care,Biotechnology: Pharmaceutical Preparations
LIXT,Lixte Biotechnology Holdings Inc. Common Stock,$4.07,0.02,0.494%,34,United States,,38006,Health Care,Biotechnology: Pharmaceutical Preparations
RNTX,Rein Therapeutics Inc. Common Stock,$1.24,-0.08,-6.061%,32,United States,2017.0,407806,Health Care,Biotechnology: Pharmaceutical Preparations
CVM,Cel-Sci Corporation Common Stock,$4.71,0.03,0.641%,32,United States,1997.0,62210,Health Care,Biotechnology: Biological Products (No Diagnostic Substances)
ANTX,AN2 Therapeutics Inc. Common Stock,$1.14,0.0,0.00%,31,United States,2022.0,35613,Health Care,Biotechnology: Pharmaceutical Preparations
RNXT,RenovoRx Inc. Common Stock,$0.8547,-0.0408,-4.556%,31,United States,2021.0,289875,Health Care,Biotechnology: Pharmaceutical Preparations
LNAI,Lunai Bioworks Inc. Common Stock,$0.9709,-0.0151,-1.531%,31,United States,,144576,Health Care,Biotechnology: Pharmaceutical Preparations
HOWL,Werewolf Therapeutics Inc. Common Stock,$0.6543,-0.0061,-0.924%,31,United States,2021.0,669871,Health Care,Biotechnology: Pharmaceutical Preparations
DARE,Dare Bioscience Inc. Common Stock,$2.15,-0.02,-0.922%,30,United States,2014.0,90121,Health Care,Biotechnology: Pharmaceutical Preparations
TAOX,Tao Synergies Inc. Common Stock,$4.29,-0.31,-6.739%,30,United States,,116590,Health Care,Biotechnology: Pharmaceutical Preparations
LPCN,Lipocine Inc. Common Stock,$5.23,0.58,12.473%,29,United States,,139527,Health Care,Biotechnology: Pharmaceutical Preparations
RLYB,Rallybio Corporation Common Stock,$0.6876,-0.044,-6.014%,29,United States,2021.0,338093,Health Care,Biotechnology: Pharmaceutical Preparations
ATHA,Athira Pharma Inc. Common Stock,$7.48,0.27,3.745%,29,United States,2020.0,138956,Health Care,Biotechnology: Biological Products (No Diagnostic Substances)
CUE,Cue Biopharma Inc. Common Stock,$0.3248,0.0838,34.772%,29,United States,2018.0,7103330,Health Care,Biotechnology: Pharmaceutical Preparations
CING,Cingulate Inc. Common Stock,$4.18,0.14,3.465%,28,United States,2021.0,153746,Health Care,Biotechnology: Pharmaceutical Preparations
VTGN,Vistagen Therapeutics Inc. Common Stock,$0.7284,0.0005,0.069%,28,United States,,2699865,Health Care,Biotechnology: Pharmaceutical Preparations
IGC,IGC Pharma Inc. Common Stock,$0.2999,-0.0033,-1.088%,27,United States,,338144,Health Care,Biotechnology: Pharmaceutical Preparations
SNTI,Senti Biosciences Inc. Common Stock,$1.06,-0.09,-7.826%,27,United States,2021.0,587087,Health Care,Biotechnology: Biological Products (No Diagnostic Substances)
BOLD,Boundless Bio Inc. Common Stock,$1.20,-0.01,-0.826%,26,United States,2024.0,25606,Health Care,Biotechnology: Pharmaceutical Preparations
SKYE,Skye Bioscience Inc. Common Stock,$0.80,-0.0344,-4.123%,25,United States,,550657,Health Care,Biotechnology: Pharmaceutical Preparations
KTTA,Pasithea Therapeutics Corp. Common Stock,$1.12,-0.05,-4.274%,25,United States,2021.0,147782,Health Care,Biotechnology: Pharmaceutical Preparations
KLTO,Klotho Neurosciences Inc. Common Stock,$0.3466,-0.0173,-4.754%,25,United States,2022.0,612659,Health Care,Biotechnology: Biological Products (No Diagnostic Substances)
PHIO,Phio Pharmaceuticals Corp. Common Stock,$1.08,0.03,2.857%,25,United States,,203389,Health Care,Biotechnology: Pharmaceutical Preparations
PTN,Palatin Technologies Inc. Common Stock,$14.61,-1.39,-8.688%,24,United States,,73337,Health Care,Biotechnology: Pharmaceutical Preparations
SCYX,SCYNEXIS Inc. Common Stock,$0.5871,-0.008,-1.344%,24,United States,2014.0,581491,Health Care,Biotechnology: Pharmaceutical Preparations
AYTU,Aytu BioPharma Inc.  Common Stock,$2.45,-0.08,-3.162%,24,United States,,65420,Health Care,Biotechnology: Pharmaceutical Preparations
ELUT,Elutia Inc. Class A Common Stock,$0.5435,-0.0157,-2.808%,23,United States,2020.0,887573,Health Care,Biotechnology: Biological Products (No Diagnostic Substances)
INTS,Intensity Therapeutics Inc. Common stock,$0.3927,-0.0139,-3.419%,23,United States,2023.0,737547,Health Care,Biotechnology: Biological Products (No Diagnostic Substances)
MRKR,Marker Therapeutics Inc. Common Stock,$1.435,0.045,3.237%,23,United States,,140497,Health Care,Biotechnology: Pharmaceutical Preparations
APLM,Apollomics Inc. Class A Ordinary Shares,$20.00,2.01,11.173%,22,United States,,29683,Health Care,Biotechnology: Pharmaceutical Preparations
MTVA,MetaVia Inc. Common Stock,$9.19,-0.57,-5.84%,22,United States,2016.0,12977,Health Care,Biotechnology: Pharmaceutical Preparations
NEUP,Neuphoria Therapeutics Inc. Common Stock,$3.72,-0.07,-1.847%,20,United States,2021.0,24290,Health Care,Biotechnology: Pharmaceutical Preparations
HUMAW,Humacyte Inc. Warrant,$0.10,0.0001,0.10%,20,United States,2020.0,44863,Health Care,Biotechnology: Biological Products (No Diagnostic Substances)
TXMD,TherapeuticsMD Inc. Common Stock,$1.74,0.04,2.353%,20,United States,,34380,Health Care,Biotechnology: Pharmaceutical Preparations
VYNE,VYNE Therapeutics Inc. Common Stock,$0.588,0.0055,0.944%,19,United States,2018.0,1526682,Health Care,Biotechnology: Pharmaceutical Preparations
QCLS,Q/C Technologies Inc. Common Stock,$4.76,-0.37,-7.212%,19,United States,2014.0,554696,Health Care,Biotechnology: In Vitro & In Vivo Diagnostic Substances
CVKD,Cadrenal Therapeutics Inc. Common Stock,$7.41,0.04,0.543%,17,United States,2023.0,31130,Health Care,Biotechnology: Pharmaceutical Preparations
CTXR,Citius Pharmaceuticals Inc. Common Stock,$0.8408,0.0402,5.021%,17,United States,,1312134,Health Care,Biotechnology: Pharmaceutical Preparations
APLT,Applied Therapeutics Inc. Common Stock,$0.1139,-0.0015,-1.30%,16,United States,2019.0,6703745,Health Care,Biotechnology: Pharmaceutical Preparations
ALLR,Allarity Therapeutics Inc. Common Stock,$1.07,0.02,1.905%,16,United States,,58977,Health Care,Biotechnology: Pharmaceutical Preparations
FBLG,FibroBiologics Inc. Common Stock,$0.249,0.0131,5.553%,16,United States,,1447483,Health Care,Biotechnology: Pharmaceutical Preparations
HOTH,Hoth Therapeutics Inc. Common Stock,$1.01,-0.03,-2.885%,15,United States,2019.0,220694,Health Care,Biotechnology: Pharmaceutical Preparations
SYBX,Synlogic Inc. Common Stock,$1.22,0.05,4.274%,14,United States,2015.0,29825,Health Care,Biotechnology: Pharmaceutical Preparations
TPST,Tempest Therapeutics Inc. Common Stock,$2.99,-0.09,-2.922%,14,United States,,70185,Health Care,Biotechnology: Pharmaceutical Preparations
BFRG,Bullfrog AI Holdings Inc. Common Stock,$0.952,-0.058,-5.743%,14,United States,2023.0,77343,Health Care,Biotechnology: Pharmaceutical Preparations
ASBP,Aspire Biopharma Holdings Inc. Common Stock,$0.108,0.011,11.34%,14,United States,2022.0,19051418,Health Care,Biotechnology: Pharmaceutical Preparations
BCDA,BioCardia Inc. Common Stock,$1.27,0.0,0.00%,13,United States,,29650,Health Care,Biotechnology: Biological Products (No Diagnostic Substances)
COCP,Cocrystal Pharma Inc. Common Stock,$0.9725,-0.0016,-0.164%,13,United States,,76031,Health Care,Biotechnology: Pharmaceutical Preparations
SNGX,Soligenix Inc. Common Stock,$1.37,-0.07,-4.861%,13,United States,,226483,Health Care,Biotechnology: Pharmaceutical Preparations
CRIS,Curis Inc. Common Stock,$1.06,0.01,0.952%,13,United States,,72736,Health Care,Biotechnology: Biological Products (No Diagnostic Substances)
ABP,Abpro Holdings Inc Common Stock,$4.60,-0.13,-2.748%,12,United States,2022.0,6963,Health Care,Biotechnology: Pharmaceutical Preparations
AEON,AEON Biopharma Inc. Class A Common Stock,$1.02,-0.03,-2.857%,12,United States,,131287,Health Care,Biotechnology: Pharmaceutical Preparations
APVO,Aptevo Therapeutics Inc. Common Stock,$0.6071,-0.323,-34.727%,12,United States,,14579339,Health Care,Biotechnology: Pharmaceutical Preparations
EDSA,Edesa Biotech Inc. Common Shares,$1.44,0.14,10.769%,12,United States,,83072,Health Care,Biotechnology: Pharmaceutical Preparations
KALA,KALA BIO Inc. Common Stock,$0.65,0.0098,1.531%,12,United States,2017.0,926461,Health Care,Biotechnology: Pharmaceutical Preparations
MBRX,Moleculin Biotech Inc. Common Stock,$3.83,-0.07,-1.795%,11,United States,2016.0,89248,Health Care,Biotechnology: Pharmaceutical Preparations
LGVN,Longeveron Inc. Class A Common Stock,$0.5325,0.0001,0.019%,11,United States,2021.0,158022,Health Care,Biotechnology: Pharmaceutical Preparations
SNSE,Sensei Biotherapeutics Inc. Common Stock,$9.00,-0.26,-2.808%,11,United States,2021.0,21042,Health Care,Biotechnology: Pharmaceutical Preparations
GRDX,GridAI Technologies Corp. Common Stock,$2.98,0.43,16.863%,10,United States,2016.0,291882,Health Care,Biotechnology: Pharmaceutical Preparations
INAB,IN8bio Inc. Common Stock,$2.23,0.23,11.50%,10,United States,2021.0,284756,Health Care,Biotechnology: Biological Products (No Diagnostic Substances)
BOLT,Bolt Biotherapeutics Inc. Common Stock,$5.33,0.13,2.50%,10,United States,2021.0,41977,Health Care,Biotechnology: Pharmaceutical Preparations
CLRB,Cellectar Biosciences Inc.  Common Stock,$2.56,-0.2,-7.246%,10,United States,,110658,Health Care,Biotechnology: Pharmaceutical Preparations
CURX,Curanex Pharmaceuticals Inc Common Stock,$0.3633,-0.0364,-9.107%,10,United States,2025.0,362640,Health Care,Biotechnology: Pharmaceutical Preparations
ERNA,Ernexa Therapeutics Inc. Common Stock,$1.21,-0.06,-4.724%,9,United States,,13842,Health Care,Biotechnology: Pharmaceutical Preparations
IMNN,Imunon Inc. Common Stock,$3.15,-0.16,-4.834%,9,United States,,66228,Health Care,Biotechnology: Pharmaceutical Preparations
BIVI,BioVie Inc. Class A Common Stock,$1.21,-0.06,-4.724%,9,United States,,226225,Health Care,Biotechnology: Pharmaceutical Preparations
TRAW,Traws Pharma Inc. Common Stock,$1.17,-0.07,-5.645%,9,United States,2013.0,122211,Health Care,Biotechnology: Pharmaceutical Preparations
TOVX,Theriva Biologics Inc. Common Stock,$0.1913,-0.0033,-1.696%,9,United States,,1079883,Health Care,Biotechnology: Pharmaceutical Preparations
AIMD,Ainos Inc. Common Stock,$1.954,-0.028,-1.413%,9,United States,,21211,Health Care,Biotechnology: Pharmaceutical Preparations
ADIL,Adial Pharmaceuticals Inc Common Stock,$0.2325,-0.0069,-2.882%,9,United States,2018.0,284319,Health Care,Biotechnology: Pharmaceutical Preparations
TVGNW,Tevogen Bio Holdings Inc. Warrant,$0.0442,0.0,0.00%,8,United States,2022.0,519654,Health Care,Biotechnology: Biological Products (No Diagnostic Substances)
BFRI,Biofrontera Inc. Common Stock,$0.7212,0.0012,0.167%,8,United States,2021.0,25147,Health Care,Biotechnology: Pharmaceutical Preparations
GTBP,GT Biopharma Inc. Common Stock,$0.8324,-0.0126,-1.491%,8,United States,,1951737,Health Care,Biotechnology: Pharmaceutical Preparations
KLTOW,Klotho Neurosciences Inc. Warrant,$0.1142,-0.0046,-3.872%,8,United States,2022.0,5242,Health Care,Biotechnology: Biological Products (No Diagnostic Substances)
PULM,Pulmatrix Inc. Common Stock,$2.34,0.05,2.183%,8,United States,2014.0,22215,Health Care,Biotechnology: Pharmaceutical Preparations
ELAB,PMGC Holdings Inc. Common Stock,$1.55,-0.05,-3.125%,8,United States,2023.0,214984,Health Care,Biotechnology: Pharmaceutical Preparations
PCSA,Processa Pharmaceuticals Inc. Common Stock,$3.92,0.41,11.681%,8,United States,,246241,Health Care,Biotechnology: Pharmaceutical Preparations
PMCB,PharmaCyte  Biotech Inc. Common Stock,$0.7101,-0.0549,-7.176%,7,United States,,651078,Health Care,Biotechnology: Biological Products (No Diagnostic Substances)
KPRX,Kiora Pharmaceuticals Inc.  Common Stock,$1.97,-0.08,-3.902%,7,United States,,15894,Health Care,Biotechnology: Pharmaceutical Preparations
MBIO,Mustang Bio Inc. Common Stock,$1.02,-0.03,-2.857%,7,United States,,140805,Health Care,Biotechnology: Pharmaceutical Preparations
BMRA,Biomerica Inc. Common Stock,$2.70,0.05,1.887%,7,United States,,74386,Health Care,Biotechnology: In Vitro & In Vivo Diagnostic Substances
ALZN,Alzamend Neuro Inc. Common Stock,$2.02,-0.03,-1.463%,7,United States,2021.0,85681,Health Care,Biotechnology: Pharmaceutical Preparations
TCRT,Alaunos Therapeutics Inc. Common Stock,$3.23,-0.29,-8.239%,7,United States,,82870,Health Care,Biotechnology: Pharmaceutical Preparations
APRE,Aprea Therapeutics Inc. Common stock,$0.9802,0.029,3.049%,6,United States,2019.0,22781,Health Care,Biotechnology: Pharmaceutical Preparations
CDIO,Cardio Diagnostics Holdings Inc. Common stock,$3.33,-0.09,-2.632%,6,United States,2022.0,8097,Health Care,Biotechnology: In Vitro & In Vivo Diagnostic Substances
RNAZ,TransCode Therapeutics Inc. Common Stock,$6.96,-0.47,-6.326%,6,United States,2021.0,15436,Health Care,Biotechnology: Pharmaceutical Preparations
ACXP,Acurx Pharmaceuticals Inc. Common Stock,$3.19,-0.27,-7.803%,6,United States,2021.0,47132,Health Care,Biotechnology: Pharmaceutical Preparations
GNPX,Genprex Inc. Common Stock,$1.79,-0.07,-3.763%,6,United States,2018.0,120179,Health Care,Biotechnology: Pharmaceutical Preparations
SNOA,Sonoma Pharmaceuticals Inc. Common Stock,$3.61,-0.03,-0.824%,6,United States,2007.0,32394,Health Care,Biotechnology: Pharmaceutical Preparations
VIVS,VivoSim Labs Inc. Common Stock,$2.01,-0.07,-3.365%,5,United States,,36283,Health Care,Biotechnology: Biological Products (No Diagnostic Substances)
ALBT,Avalon GloboCare Corp. Common Stock,$1.33,0.07,5.556%,5,United States,,33952,Health Care,Biotechnology: Biological Products (No Diagnostic Substances)
CYCN,Cyclerion Therapeutics Inc. Common Stock,$1.35,-0.03,-2.174%,5,United States,,32901,Health Care,Biotechnology: Pharmaceutical Preparations
REVB,Revelation Biosciences Inc. Common Stock,$0.86,-0.0099,-1.138%,5,United States,2020.0,54081,Health Care,Biotechnology: Pharmaceutical Preparations
GOVX,GeoVax Labs Inc. Common Stock,$0.181,-0.0007,-0.385%,5,United States,,2243312,Health Care,Biotechnology: Pharmaceutical Preparations
CAPS,Capstone Holding Corp. Common Stock,$0.7038,-0.0312,-4.245%,5,United States,,103198,Health Care,Biotechnology: Pharmaceutical Preparations
ENVB,Enveric Biosciences Inc. Common Stock,$4.11,-0.53,-11.422%,4,United States,,78138,Health Care,Biotechnology: Pharmaceutical Preparations
JAGX,Jaguar Health Inc. Common Stock,$1.09,-0.04,-3.54%,4,United States,2015.0,126251,Health Care,Biotechnology: Pharmaceutical Preparations
INDP,Indaptus Therapeutics Inc. Common Stock,$2.55,-0.1,-3.774%,4,United States,,919814,Health Care,Biotechnology: Pharmaceutical Preparations
XBIO,Xenetic Biosciences Inc. Common Stock,$2.08,-0.12,-5.455%,4,United States,,54817,Health Care,Biotechnology: Pharmaceutical Preparations
MTNB,Matinas Biopharma Holdings Inc. Common Stock,$0.6195,-0.0723,-10.451%,3,United States,2017.0,53644,Health Care,Biotechnology: Pharmaceutical Preparations
SLRX,Salarius Pharmaceuticals Inc. Common Stock,$0.6573,0.0213,3.349%,3,United States,2015.0,98409,Health Care,Biotechnology: Pharmaceutical Preparations
CNSP,CNS Pharmaceuticals Inc. Common Stock,$6.17,-0.03,-0.484%,3,United States,2019.0,27452,Health Care,Biotechnology: Pharmaceutical Preparations
ARTL,Artelo Biosciences Inc. Common Stock,$1.49,-0.09,-5.696%,3,United States,,49382,Health Care,Biotechnology: Pharmaceutical Preparations
ASBPW,Aspire Biopharma Holdings Inc. Warrant,$0.0222,-0.0043,-16.226%,3,United States,2022.0,28700,Health Care,Biotechnology: Pharmaceutical Preparations
ENSC,Ensysce Biosciences Inc. Common Stock,$1.10,-0.01,-0.901%,3,United States,,61218,Health Care,Biotechnology: Pharmaceutical Preparations
OGEN,Oragenics Inc. Common Stock,$0.859,0.0239,2.862%,3,United States,,76794,Health Care,Biotechnology: Pharmaceutical Preparations
HCWB,HCW Biologics Inc. Common Stock,$1.42,-0.065,-4.377%,3,United States,2021.0,37809,Health Care,Biotechnology: Pharmaceutical Preparations
GRI,GRI Bio Inc. Common Stock,$0.276,-0.047,-14.551%,2,United States,2021.0,4317107,Health Care,Biotechnology: Pharmaceutical Preparations
JSPRW,Japer Therapeutics Inc. Warrants,$0.0874,0.0024,2.824%,2,United States,2020.0,9331,Health Care,Biotechnology: Biological Products (No Diagnostic Substances)
PRPH,ProPhase Labs Inc. Common Stock (DE),$0.52,-0.095,-15.447%,2,United States,,1253605,Health Care,Biotechnology: Pharmaceutical Preparations
ONCO,Onconetix Inc. Common Stock,$1.43,-0.09,-5.921%,2,United States,2022.0,28783,Health Care,Biotechnology: Pharmaceutical Preparations
PTIX,Protagenic Therapeutics Inc. Common Stock,$1.325,0.175,15.217%,2,United States,,66334,Health Care,Biotechnology: Pharmaceutical Preparations
SXTP,60 Degrees Pharmaceuticals Inc. Common Stock,$0.696,0.0069,1.001%,2,United States,2023.0,195867,Health Care,Biotechnology: Pharmaceutical Preparations
BFRGW,Bullfrog AI Holdings Inc. Warrants,$0.171,-0.049,-22.273%,2,United States,2023.0,9858,Health Care,Biotechnology: Pharmaceutical Preparations
SHPH,Shuttle Pharmaceuticals Holdings Inc. Common Stock,$1.87,0.07,3.889%,2,United States,2022.0,45813,Health Care,Biotechnology: Pharmaceutical Preparations
BIVIW,BioVie Inc. Warrant,$0.3122,-0.0088,-2.741%,2,United States,,3012,Health Care,Biotechnology: Pharmaceutical Preparations
CDT,CDT Equity Inc. Common Stock,$1.43,-0.16,-10.063%,2,United States,2022.0,82167,Health Care,Biotechnology: Pharmaceutical Preparations
RCKTW,Rocket Pharmaceuticals Inc. Warrant,$0.0161,-0.0017,-9.551%,1,United States,,31344,Health Care,Biotechnology: Pharmaceutical Preparations
NRXPW,NRX Pharmaceuticals Inc. Warrant,$0.05,-0.0228,-31.319%,1,United States,2017.0,24460,Health Care,Biotechnology: Pharmaceutical Preparations
DRMA,Dermata Therapeutics Inc. Common Stock,$1.86,-0.51,-21.519%,1,United States,2021.0,682274,Health Care,Biotechnology: Pharmaceutical Preparations
SABSW,SAB Biotherapeutics Inc. Warrant,$0.0319,-0.0005,-1.543%,1,United States,2021.0,26154,Health Care,Biotechnology: Biological Products (No Diagnostic Substances)
DRMAW,Dermata Therapeutics Inc. Warrant,$0.0258,-0.0002,-0.769%,0,United States,2021.0,28101,Health Care,Biotechnology: Pharmaceutical Preparations
PTIXW,Protagenic Therapeutics Inc. Warrant,$0.0211,-0.004,-15.936%,0,United States,,1333,Health Care,Biotechnology: Pharmaceutical Preparations
IPEX,Inflection Point Acquisition Corp. V Class A Ordinary Shares,$10.28,0.0,0.00%,0,United States,2025.0,2213,Health Care,Biotechnology: Pharmaceutical Preparations
KTTAW,Pasithea Therapeutics Corp. Warrant,$0.012,-0.0005,-4.00%,0,United States,2021.0,28845,Health Care,Biotechnology: Pharmaceutical Preparations
ABPWW,Abpro Holdings Inc. Warrant,$0.014,0.0,0.00%,0,United States,2022.0,755,Health Care,Biotechnology: Pharmaceutical Preparations
EMIS,Emmis Acquisition Corp. Class A Ordinary Shares,$10.00,0.0,0.00%,0,United States,2025.0,12,Health Care,Biotechnology: Pharmaceutical Preparations
CINGW,Cingulate Inc. Warrants,$0.0588,-0.0008,-1.342%,0,United States,2021.0,161,Health Care,Biotechnology: Pharmaceutical Preparations
BKHAR,Black Hawk Acquisition Corporation Rights,$1.27,0.0,0.00%,0,United States,2024.0,1,Health Care,Biotechnology: Biological Products (No Diagnostic Substances)
BKHA,Black Hawk Acquisition Corporation Class A Ordinary Shares,$11.25,0.0,0.00%,0,United States,2024.0,1,Health Care,Biotechnology: Biological Products (No Diagnostic Substances)
BLUWU,Blue Water Acquisition Corp. III Unit.,$10.58,0.0,0.00%,0,United States,2025.0,10,Health Care,Biotechnology: Biological Products (No Diagnostic Substances)
COEPW,Coeptis Therapeutics Holdings Inc. Warrants,$0.0128,-0.0005,-3.759%,0,United States,2020.0,16145,Health Care,Biotechnology: Biological Products (No Diagnostic Substances)
CDTTW,CDT Equity Inc. Warrant,$0.0075,-0.0019,-20.213%,0,United States,2022.0,1340610,Health Care,Biotechnology: Pharmaceutical Preparations
CDIOW,Cardio Diagnostics Holdings Inc. Warrant,$0.0226,-0.005,-18.116%,0,United States,2022.0,93854,Health Care,Biotechnology: In Vitro & In Vivo Diagnostic Substances
CELUW,Celularity Inc. Warrant,$0.02,0.002,11.111%,0,United States,2019.0,14550,Health Care,Biotechnology: Pharmaceutical Preparations
SCLXW,Scilex Holding Company Warrant,$0.11,0.0,0.00%,0,United States,2021.0,1757,Health Care,Biotechnology: Biological Products (No Diagnostic Substances)
CLNNW,Clene Inc. Warrant,$0.0025,-0.0009,-26.471%,0,United States,,30990,Health Care,Biotechnology: Pharmaceutical Preparations
REVBW,Revelation Biosciences Inc. Warrant,$0.0081,-0.0001,-1.22%,0,United States,2020.0,118372,Health Care,Biotechnology: Pharmaceutical Preparations
SXTPW,60 Degrees Pharmaceuticals Inc. Warrant,$0.0537,0.0098,22.323%,0,United States,2023.0,1348,Health Care,Biotechnology: Pharmaceutical Preparations
SRZNW,Surrozen Inc. Warrant,$0.02,-0.0059,-22.78%,0,United States,,298,Health Care,Biotechnology: Biological Products (No Diagnostic Substances)
BFRIW,Biofrontera Inc. Warrants,$0.07,0.0,0.00%,0,United States,2021.0,30,Health Care,Biotechnology: Pharmaceutical Preparations
APLMW,Apollomics Inc. Warrant,$0.0182,-0.0004,-2.151%,0,United States,,4450,Health Care,Biotechnology: Pharmaceutical Preparations
AIMDW,Ainos Inc. Warrants,$0.0964,0.0,0.00%,0,United States,,340,Health Care,Biotechnology: Pharmaceutical Preparations
ADTX,Aditxt Inc. Common Stock,$1.12,-0.02,-1.754%,0,United States,2020.0,319446,Health Care,Biotechnology: Pharmaceutical Preparations
